,GEOID,County,State,Sex,Age,Year,Region,Population
1,17007,Boone County,Illinois,Female,0 to 4 years,2010,External IL,1801
10,17007,Boone County,Illinois,Female,5 to 9 years,2010,External IL,2216
2,17007,Boone County,Illinois,Female,10 to 14 years,2010,External IL,2269
3,17007,Boone County,Illinois,Female,15 to 19 years,2010,External IL,2091
4,17007,Boone County,Illinois,Female,20 to 24 years,2010,External IL,1290
5,17007,Boone County,Illinois,Female,25 to 29 years,2010,External IL,1347
6,17007,Boone County,Illinois,Female,30 to 34 years,2010,External IL,1656
7,17007,Boone County,Illinois,Female,35 to 39 years,2010,External IL,1985
8,17007,Boone County,Illinois,Female,40 to 44 years,2010,External IL,2055
9,17007,Boone County,Illinois,Female,45 to 49 years,2010,External IL,2081
11,17007,Boone County,Illinois,Female,50 to 54 years,2010,External IL,1864
12,17007,Boone County,Illinois,Female,55 to 59 years,2010,External IL,1564
13,17007,Boone County,Illinois,Female,60 to 64 years,2010,External IL,1414
14,17007,Boone County,Illinois,Female,65 to 69 years,2010,External IL,1130
15,17007,Boone County,Illinois,Female,70 to 74 years,2010,External IL,803
16,17007,Boone County,Illinois,Female,75 to 79 years,2010,External IL,627
17,17007,Boone County,Illinois,Female,80 to 84 years,2010,External IL,454
18,17007,Boone County,Illinois,Female,85 years and over,2010,External IL,459
37,17031,Cook County,Illinois,Female,0 to 4 years,2010,CMAP Region,168340
46,17031,Cook County,Illinois,Female,5 to 9 years,2010,CMAP Region,163237
38,17031,Cook County,Illinois,Female,10 to 14 years,2010,CMAP Region,166728
39,17031,Cook County,Illinois,Female,15 to 19 years,2010,CMAP Region,176759
40,17031,Cook County,Illinois,Female,20 to 24 years,2010,CMAP Region,187662
41,17031,Cook County,Illinois,Female,25 to 29 years,2010,CMAP Region,221128
42,17031,Cook County,Illinois,Female,30 to 34 years,2010,CMAP Region,198691
43,17031,Cook County,Illinois,Female,35 to 39 years,2010,CMAP Region,182792
44,17031,Cook County,Illinois,Female,40 to 44 years,2010,CMAP Region,175355
45,17031,Cook County,Illinois,Female,45 to 49 years,2010,CMAP Region,183250
47,17031,Cook County,Illinois,Female,50 to 54 years,2010,CMAP Region,186879
48,17031,Cook County,Illinois,Female,55 to 59 years,2010,CMAP Region,164357
49,17031,Cook County,Illinois,Female,60 to 64 years,2010,CMAP Region,137119
50,17031,Cook County,Illinois,Female,65 to 69 years,2010,CMAP Region,101209
51,17031,Cook County,Illinois,Female,70 to 74 years,2010,CMAP Region,80394
52,17031,Cook County,Illinois,Female,75 to 79 years,2010,CMAP Region,66170
53,17031,Cook County,Illinois,Female,80 to 84 years,2010,CMAP Region,57050
54,17031,Cook County,Illinois,Female,85 years and over,2010,CMAP Region,63241
73,17037,DeKalb County,Illinois,Female,0 to 4 years,2010,External IL,3236
82,17037,DeKalb County,Illinois,Female,5 to 9 years,2010,External IL,3211
74,17037,DeKalb County,Illinois,Female,10 to 14 years,2010,External IL,3062
75,17037,DeKalb County,Illinois,Female,15 to 19 years,2010,External IL,4961
76,17037,DeKalb County,Illinois,Female,20 to 24 years,2010,External IL,7749
77,17037,DeKalb County,Illinois,Female,25 to 29 years,2010,External IL,3911
78,17037,DeKalb County,Illinois,Female,30 to 34 years,2010,External IL,3154
79,17037,DeKalb County,Illinois,Female,35 to 39 years,2010,External IL,2980
80,17037,DeKalb County,Illinois,Female,40 to 44 years,2010,External IL,2980
81,17037,DeKalb County,Illinois,Female,45 to 49 years,2010,External IL,3405
83,17037,DeKalb County,Illinois,Female,50 to 54 years,2010,External IL,3157
84,17037,DeKalb County,Illinois,Female,55 to 59 years,2010,External IL,2739
85,17037,DeKalb County,Illinois,Female,60 to 64 years,2010,External IL,2161
86,17037,DeKalb County,Illinois,Female,65 to 69 years,2010,External IL,1649
87,17037,DeKalb County,Illinois,Female,70 to 74 years,2010,External IL,1238
88,17037,DeKalb County,Illinois,Female,75 to 79 years,2010,External IL,1069
89,17037,DeKalb County,Illinois,Female,80 to 84 years,2010,External IL,895
90,17037,DeKalb County,Illinois,Female,85 years and over,2010,External IL,1073
109,17043,DuPage County,Illinois,Female,0 to 4 years,2010,CMAP Region,27961
118,17043,DuPage County,Illinois,Female,5 to 9 years,2010,CMAP Region,30723
110,17043,DuPage County,Illinois,Female,10 to 14 years,2010,CMAP Region,32237
111,17043,DuPage County,Illinois,Female,15 to 19 years,2010,CMAP Region,31175
112,17043,DuPage County,Illinois,Female,20 to 24 years,2010,CMAP Region,26267
113,17043,DuPage County,Illinois,Female,25 to 29 years,2010,CMAP Region,29726
114,17043,DuPage County,Illinois,Female,30 to 34 years,2010,CMAP Region,28468
115,17043,DuPage County,Illinois,Female,35 to 39 years,2010,CMAP Region,30368
116,17043,DuPage County,Illinois,Female,40 to 44 years,2010,CMAP Region,33975
117,17043,DuPage County,Illinois,Female,45 to 49 years,2010,CMAP Region,38928
119,17043,DuPage County,Illinois,Female,50 to 54 years,2010,CMAP Region,38350
120,17043,DuPage County,Illinois,Female,55 to 59 years,2010,CMAP Region,32240
121,17043,DuPage County,Illinois,Female,60 to 64 years,2010,CMAP Region,25905
122,17043,DuPage County,Illinois,Female,65 to 69 years,2010,CMAP Region,18152
123,17043,DuPage County,Illinois,Female,70 to 74 years,2010,CMAP Region,12565
124,17043,DuPage County,Illinois,Female,75 to 79 years,2010,CMAP Region,10320
125,17043,DuPage County,Illinois,Female,80 to 84 years,2010,CMAP Region,9151
126,17043,DuPage County,Illinois,Female,85 years and over,2010,CMAP Region,11062
145,17063,Grundy County,Illinois,Female,0 to 4 years,2010,External IL,1741
154,17063,Grundy County,Illinois,Female,5 to 9 years,2010,External IL,1855
146,17063,Grundy County,Illinois,Female,10 to 14 years,2010,External IL,1928
147,17063,Grundy County,Illinois,Female,15 to 19 years,2010,External IL,1715
148,17063,Grundy County,Illinois,Female,20 to 24 years,2010,External IL,1305
149,17063,Grundy County,Illinois,Female,25 to 29 years,2010,External IL,1642
150,17063,Grundy County,Illinois,Female,30 to 34 years,2010,External IL,1749
151,17063,Grundy County,Illinois,Female,35 to 39 years,2010,External IL,1824
152,17063,Grundy County,Illinois,Female,40 to 44 years,2010,External IL,1847
153,17063,Grundy County,Illinois,Female,45 to 49 years,2010,External IL,1914
155,17063,Grundy County,Illinois,Female,50 to 54 years,2010,External IL,1721
156,17063,Grundy County,Illinois,Female,55 to 59 years,2010,External IL,1495
157,17063,Grundy County,Illinois,Female,60 to 64 years,2010,External IL,1212
158,17063,Grundy County,Illinois,Female,65 to 69 years,2010,External IL,948
159,17063,Grundy County,Illinois,Female,70 to 74 years,2010,External IL,663
160,17063,Grundy County,Illinois,Female,75 to 79 years,2010,External IL,544
161,17063,Grundy County,Illinois,Female,80 to 84 years,2010,External IL,464
162,17063,Grundy County,Illinois,Female,85 years and over,2010,External IL,519
181,17089,Kane County,Illinois,Female,0 to 4 years,2010,CMAP Region,19605
190,17089,Kane County,Illinois,Female,5 to 9 years,2010,CMAP Region,20852
182,17089,Kane County,Illinois,Female,10 to 14 years,2010,CMAP Region,20346
183,17089,Kane County,Illinois,Female,15 to 19 years,2010,CMAP Region,18410
184,17089,Kane County,Illinois,Female,20 to 24 years,2010,CMAP Region,14284
185,17089,Kane County,Illinois,Female,25 to 29 years,2010,CMAP Region,16368
186,17089,Kane County,Illinois,Female,30 to 34 years,2010,CMAP Region,17793
187,17089,Kane County,Illinois,Female,35 to 39 years,2010,CMAP Region,18987
188,17089,Kane County,Illinois,Female,40 to 44 years,2010,CMAP Region,19009
189,17089,Kane County,Illinois,Female,45 to 49 years,2010,CMAP Region,19496
191,17089,Kane County,Illinois,Female,50 to 54 years,2010,CMAP Region,17541
192,17089,Kane County,Illinois,Female,55 to 59 years,2010,CMAP Region,15197
193,17089,Kane County,Illinois,Female,60 to 64 years,2010,CMAP Region,12362
194,17089,Kane County,Illinois,Female,65 to 69 years,2010,CMAP Region,8848
195,17089,Kane County,Illinois,Female,70 to 74 years,2010,CMAP Region,6113
196,17089,Kane County,Illinois,Female,75 to 79 years,2010,CMAP Region,4936
197,17089,Kane County,Illinois,Female,80 to 84 years,2010,CMAP Region,3834
198,17089,Kane County,Illinois,Female,85 years and over,2010,CMAP Region,4473
217,17091,Kankakee County,Illinois,Female,0 to 4 years,2010,External IL,3738
226,17091,Kankakee County,Illinois,Female,5 to 9 years,2010,External IL,3862
218,17091,Kankakee County,Illinois,Female,10 to 14 years,2010,External IL,3917
219,17091,Kankakee County,Illinois,Female,15 to 19 years,2010,External IL,4358
220,17091,Kankakee County,Illinois,Female,20 to 24 years,2010,External IL,3928
221,17091,Kankakee County,Illinois,Female,25 to 29 years,2010,External IL,3592
222,17091,Kankakee County,Illinois,Female,30 to 34 years,2010,External IL,3529
223,17091,Kankakee County,Illinois,Female,35 to 39 years,2010,External IL,3505
224,17091,Kankakee County,Illinois,Female,40 to 44 years,2010,External IL,3653
225,17091,Kankakee County,Illinois,Female,45 to 49 years,2010,External IL,4112
227,17091,Kankakee County,Illinois,Female,50 to 54 years,2010,External IL,4090
228,17091,Kankakee County,Illinois,Female,55 to 59 years,2010,External IL,3640
229,17091,Kankakee County,Illinois,Female,60 to 64 years,2010,External IL,3180
230,17091,Kankakee County,Illinois,Female,65 to 69 years,2010,External IL,2353
231,17091,Kankakee County,Illinois,Female,70 to 74 years,2010,External IL,1855
232,17091,Kankakee County,Illinois,Female,75 to 79 years,2010,External IL,1503
233,17091,Kankakee County,Illinois,Female,80 to 84 years,2010,External IL,1436
234,17091,Kankakee County,Illinois,Female,85 years and over,2010,External IL,1467
253,17093,Kendall County,Illinois,Female,0 to 4 years,2010,CMAP Region,4896
262,17093,Kendall County,Illinois,Female,5 to 9 years,2010,CMAP Region,5188
254,17093,Kendall County,Illinois,Female,10 to 14 years,2010,CMAP Region,4852
255,17093,Kendall County,Illinois,Female,15 to 19 years,2010,CMAP Region,3805
256,17093,Kendall County,Illinois,Female,20 to 24 years,2010,CMAP Region,2582
257,17093,Kendall County,Illinois,Female,25 to 29 years,2010,CMAP Region,4083
258,17093,Kendall County,Illinois,Female,30 to 34 years,2010,CMAP Region,5080
259,17093,Kendall County,Illinois,Female,35 to 39 years,2010,CMAP Region,5355
260,17093,Kendall County,Illinois,Female,40 to 44 years,2010,CMAP Region,4750
261,17093,Kendall County,Illinois,Female,45 to 49 years,2010,CMAP Region,4074
263,17093,Kendall County,Illinois,Female,50 to 54 years,2010,CMAP Region,3448
264,17093,Kendall County,Illinois,Female,55 to 59 years,2010,CMAP Region,2775
265,17093,Kendall County,Illinois,Female,60 to 64 years,2010,CMAP Region,2386
266,17093,Kendall County,Illinois,Female,65 to 69 years,2010,CMAP Region,1604
267,17093,Kendall County,Illinois,Female,70 to 74 years,2010,CMAP Region,1066
268,17093,Kendall County,Illinois,Female,75 to 79 years,2010,CMAP Region,769
269,17093,Kendall County,Illinois,Female,80 to 84 years,2010,CMAP Region,586
270,17093,Kendall County,Illinois,Female,85 years and over,2010,CMAP Region,616
649,55059,Kenosha County,Wisconsin,Female,0 to 4 years,2010,External WI,5412
658,55059,Kenosha County,Wisconsin,Female,5 to 9 years,2010,External WI,5785
650,55059,Kenosha County,Wisconsin,Female,10 to 14 years,2010,External WI,5945
651,55059,Kenosha County,Wisconsin,Female,15 to 19 years,2010,External WI,6256
652,55059,Kenosha County,Wisconsin,Female,20 to 24 years,2010,External WI,5553
653,55059,Kenosha County,Wisconsin,Female,25 to 29 years,2010,External WI,5231
654,55059,Kenosha County,Wisconsin,Female,30 to 34 years,2010,External WI,5304
655,55059,Kenosha County,Wisconsin,Female,35 to 39 years,2010,External WI,5621
656,55059,Kenosha County,Wisconsin,Female,40 to 44 years,2010,External WI,6038
657,55059,Kenosha County,Wisconsin,Female,45 to 49 years,2010,External WI,6862
659,55059,Kenosha County,Wisconsin,Female,50 to 54 years,2010,External WI,6228
660,55059,Kenosha County,Wisconsin,Female,55 to 59 years,2010,External WI,5098
661,55059,Kenosha County,Wisconsin,Female,60 to 64 years,2010,External WI,3911
662,55059,Kenosha County,Wisconsin,Female,65 to 69 years,2010,External WI,2959
663,55059,Kenosha County,Wisconsin,Female,70 to 74 years,2010,External WI,2210
664,55059,Kenosha County,Wisconsin,Female,75 to 79 years,2010,External WI,1912
665,55059,Kenosha County,Wisconsin,Female,80 to 84 years,2010,External WI,1738
666,55059,Kenosha County,Wisconsin,Female,85 years and over,2010,External WI,1919
289,17097,Lake County,Illinois,Female,0 to 4 years,2010,CMAP Region,23104
541,18089,Lake County,Indiana,Female,0 to 4 years,2010,External IN,16296
298,17097,Lake County,Illinois,Female,5 to 9 years,2010,CMAP Region,26213
550,18089,Lake County,Indiana,Female,5 to 9 years,2010,External IN,17167
290,17097,Lake County,Illinois,Female,10 to 14 years,2010,CMAP Region,27557
542,18089,Lake County,Indiana,Female,10 to 14 years,2010,External IN,17819
291,17097,Lake County,Illinois,Female,15 to 19 years,2010,CMAP Region,25928
543,18089,Lake County,Indiana,Female,15 to 19 years,2010,External IN,17823
292,17097,Lake County,Illinois,Female,20 to 24 years,2010,CMAP Region,18699
544,18089,Lake County,Indiana,Female,20 to 24 years,2010,External IN,14733
293,17097,Lake County,Illinois,Female,25 to 29 years,2010,CMAP Region,19311
545,18089,Lake County,Indiana,Female,25 to 29 years,2010,External IN,16395
294,17097,Lake County,Illinois,Female,30 to 34 years,2010,CMAP Region,20972
546,18089,Lake County,Indiana,Female,30 to 34 years,2010,External IN,16126
295,17097,Lake County,Illinois,Female,35 to 39 years,2010,CMAP Region,24019
547,18089,Lake County,Indiana,Female,35 to 39 years,2010,External IN,16083
296,17097,Lake County,Illinois,Female,40 to 44 years,2010,CMAP Region,27020
548,18089,Lake County,Indiana,Female,40 to 44 years,2010,External IN,16291
297,17097,Lake County,Illinois,Female,45 to 49 years,2010,CMAP Region,29958
549,18089,Lake County,Indiana,Female,45 to 49 years,2010,External IN,18458
299,17097,Lake County,Illinois,Female,50 to 54 years,2010,CMAP Region,28054
551,18089,Lake County,Indiana,Female,50 to 54 years,2010,External IN,19719
300,17097,Lake County,Illinois,Female,55 to 59 years,2010,CMAP Region,22830
552,18089,Lake County,Indiana,Female,55 to 59 years,2010,External IN,17129
301,17097,Lake County,Illinois,Female,60 to 64 years,2010,CMAP Region,17590
553,18089,Lake County,Indiana,Female,60 to 64 years,2010,External IN,14170
302,17097,Lake County,Illinois,Female,65 to 69 years,2010,CMAP Region,12408
554,18089,Lake County,Indiana,Female,65 to 69 years,2010,External IN,10684
303,17097,Lake County,Illinois,Female,70 to 74 years,2010,CMAP Region,8899
555,18089,Lake County,Indiana,Female,70 to 74 years,2010,External IN,8330
304,17097,Lake County,Illinois,Female,75 to 79 years,2010,CMAP Region,7024
556,18089,Lake County,Indiana,Female,75 to 79 years,2010,External IN,7027
305,17097,Lake County,Illinois,Female,80 to 84 years,2010,CMAP Region,6150
557,18089,Lake County,Indiana,Female,80 to 84 years,2010,External IN,6239
306,17097,Lake County,Illinois,Female,85 years and over,2010,CMAP Region,6607
558,18089,Lake County,Indiana,Female,85 years and over,2010,External IN,6133
577,18091,LaPorte County,Indiana,Female,0 to 4 years,2010,External IN,3262
586,18091,LaPorte County,Indiana,Female,5 to 9 years,2010,External IN,3400
578,18091,LaPorte County,Indiana,Female,10 to 14 years,2010,External IN,3612
579,18091,LaPorte County,Indiana,Female,15 to 19 years,2010,External IN,3386
580,18091,LaPorte County,Indiana,Female,20 to 24 years,2010,External IN,2822
581,18091,LaPorte County,Indiana,Female,25 to 29 years,2010,External IN,3070
582,18091,LaPorte County,Indiana,Female,30 to 34 years,2010,External IN,3090
583,18091,LaPorte County,Indiana,Female,35 to 39 years,2010,External IN,3215
584,18091,LaPorte County,Indiana,Female,40 to 44 years,2010,External IN,3394
585,18091,LaPorte County,Indiana,Female,45 to 49 years,2010,External IN,4036
587,18091,LaPorte County,Indiana,Female,50 to 54 years,2010,External IN,4134
588,18091,LaPorte County,Indiana,Female,55 to 59 years,2010,External IN,3937
589,18091,LaPorte County,Indiana,Female,60 to 64 years,2010,External IN,3428
590,18091,LaPorte County,Indiana,Female,65 to 69 years,2010,External IN,2604
591,18091,LaPorte County,Indiana,Female,70 to 74 years,2010,External IN,1919
592,18091,LaPorte County,Indiana,Female,75 to 79 years,2010,External IN,1611
593,18091,LaPorte County,Indiana,Female,80 to 84 years,2010,External IN,1412
594,18091,LaPorte County,Indiana,Female,85 years and over,2010,External IN,1494
325,17099,LaSalle County,Illinois,Female,0 to 4 years,2010,External IL,3204
334,17099,LaSalle County,Illinois,Female,5 to 9 years,2010,External IL,3551
326,17099,LaSalle County,Illinois,Female,10 to 14 years,2010,External IL,3768
327,17099,LaSalle County,Illinois,Female,15 to 19 years,2010,External IL,3653
328,17099,LaSalle County,Illinois,Female,20 to 24 years,2010,External IL,2935
329,17099,LaSalle County,Illinois,Female,25 to 29 years,2010,External IL,3234
330,17099,LaSalle County,Illinois,Female,30 to 34 years,2010,External IL,3035
331,17099,LaSalle County,Illinois,Female,35 to 39 years,2010,External IL,3153
332,17099,LaSalle County,Illinois,Female,40 to 44 years,2010,External IL,3581
333,17099,LaSalle County,Illinois,Female,45 to 49 years,2010,External IL,4305
335,17099,LaSalle County,Illinois,Female,50 to 54 years,2010,External IL,4505
336,17099,LaSalle County,Illinois,Female,55 to 59 years,2010,External IL,3796
337,17099,LaSalle County,Illinois,Female,60 to 64 years,2010,External IL,3257
338,17099,LaSalle County,Illinois,Female,65 to 69 years,2010,External IL,2670
339,17099,LaSalle County,Illinois,Female,70 to 74 years,2010,External IL,2173
340,17099,LaSalle County,Illinois,Female,75 to 79 years,2010,External IL,1914
341,17099,LaSalle County,Illinois,Female,80 to 84 years,2010,External IL,1739
342,17099,LaSalle County,Illinois,Female,85 years and over,2010,External IL,2131
361,17103,Lee County,Illinois,Female,0 to 4 years,2010,External IL,101
370,17103,Lee County,Illinois,Female,5 to 9 years,2010,External IL,131
362,17103,Lee County,Illinois,Female,10 to 14 years,2010,External IL,139
363,17103,Lee County,Illinois,Female,15 to 19 years,2010,External IL,168
364,17103,Lee County,Illinois,Female,20 to 24 years,2010,External IL,78
365,17103,Lee County,Illinois,Female,25 to 29 years,2010,External IL,103
366,17103,Lee County,Illinois,Female,30 to 34 years,2010,External IL,93
367,17103,Lee County,Illinois,Female,35 to 39 years,2010,External IL,113
368,17103,Lee County,Illinois,Female,40 to 44 years,2010,External IL,142
369,17103,Lee County,Illinois,Female,45 to 49 years,2010,External IL,191
371,17103,Lee County,Illinois,Female,50 to 54 years,2010,External IL,168
372,17103,Lee County,Illinois,Female,55 to 59 years,2010,External IL,138
373,17103,Lee County,Illinois,Female,60 to 64 years,2010,External IL,114
374,17103,Lee County,Illinois,Female,65 to 69 years,2010,External IL,94
375,17103,Lee County,Illinois,Female,70 to 74 years,2010,External IL,84
376,17103,Lee County,Illinois,Female,75 to 79 years,2010,External IL,52
377,17103,Lee County,Illinois,Female,80 to 84 years,2010,External IL,33
378,17103,Lee County,Illinois,Female,85 years and over,2010,External IL,35
397,17111,McHenry County,Illinois,Female,0 to 4 years,2010,CMAP Region,9744
406,17111,McHenry County,Illinois,Female,5 to 9 years,2010,CMAP Region,11438
398,17111,McHenry County,Illinois,Female,10 to 14 years,2010,CMAP Region,12329
399,17111,McHenry County,Illinois,Female,15 to 19 years,2010,CMAP Region,11385
400,17111,McHenry County,Illinois,Female,20 to 24 years,2010,CMAP Region,7266
401,17111,McHenry County,Illinois,Female,25 to 29 years,2010,CMAP Region,8107
402,17111,McHenry County,Illinois,Female,30 to 34 years,2010,CMAP Region,9128
403,17111,McHenry County,Illinois,Female,35 to 39 years,2010,CMAP Region,10930
404,17111,McHenry County,Illinois,Female,40 to 44 years,2010,CMAP Region,13109
405,17111,McHenry County,Illinois,Female,45 to 49 years,2010,CMAP Region,13845
407,17111,McHenry County,Illinois,Female,50 to 54 years,2010,CMAP Region,12468
408,17111,McHenry County,Illinois,Female,55 to 59 years,2010,CMAP Region,9759
409,17111,McHenry County,Illinois,Female,60 to 64 years,2010,CMAP Region,7898
410,17111,McHenry County,Illinois,Female,65 to 69 years,2010,CMAP Region,5898
411,17111,McHenry County,Illinois,Female,70 to 74 years,2010,CMAP Region,3839
412,17111,McHenry County,Illinois,Female,75 to 79 years,2010,CMAP Region,2880
413,17111,McHenry County,Illinois,Female,80 to 84 years,2010,CMAP Region,2337
414,17111,McHenry County,Illinois,Female,85 years and over,2010,CMAP Region,2464
433,17141,Ogle County,Illinois,Female,0 to 4 years,2010,External IL,684
442,17141,Ogle County,Illinois,Female,5 to 9 years,2010,External IL,788
434,17141,Ogle County,Illinois,Female,10 to 14 years,2010,External IL,771
435,17141,Ogle County,Illinois,Female,15 to 19 years,2010,External IL,749
436,17141,Ogle County,Illinois,Female,20 to 24 years,2010,External IL,626
437,17141,Ogle County,Illinois,Female,25 to 29 years,2010,External IL,578
438,17141,Ogle County,Illinois,Female,30 to 34 years,2010,External IL,655
439,17141,Ogle County,Illinois,Female,35 to 39 years,2010,External IL,738
440,17141,Ogle County,Illinois,Female,40 to 44 years,2010,External IL,724
441,17141,Ogle County,Illinois,Female,45 to 49 years,2010,External IL,789
443,17141,Ogle County,Illinois,Female,50 to 54 years,2010,External IL,755
444,17141,Ogle County,Illinois,Female,55 to 59 years,2010,External IL,604
445,17141,Ogle County,Illinois,Female,60 to 64 years,2010,External IL,527
446,17141,Ogle County,Illinois,Female,65 to 69 years,2010,External IL,396
447,17141,Ogle County,Illinois,Female,70 to 74 years,2010,External IL,303
448,17141,Ogle County,Illinois,Female,75 to 79 years,2010,External IL,254
449,17141,Ogle County,Illinois,Female,80 to 84 years,2010,External IL,204
450,17141,Ogle County,Illinois,Female,85 years and over,2010,External IL,202
613,18127,Porter County,Indiana,Female,0 to 4 years,2010,External IN,4772
622,18127,Porter County,Indiana,Female,5 to 9 years,2010,External IN,5449
614,18127,Porter County,Indiana,Female,10 to 14 years,2010,External IN,5777
615,18127,Porter County,Indiana,Female,15 to 19 years,2010,External IN,5796
616,18127,Porter County,Indiana,Female,20 to 24 years,2010,External IN,5303
617,18127,Porter County,Indiana,Female,25 to 29 years,2010,External IN,4923
618,18127,Porter County,Indiana,Female,30 to 34 years,2010,External IN,5103
619,18127,Porter County,Indiana,Female,35 to 39 years,2010,External IN,5430
620,18127,Porter County,Indiana,Female,40 to 44 years,2010,External IN,5697
621,18127,Porter County,Indiana,Female,45 to 49 years,2010,External IN,6268
623,18127,Porter County,Indiana,Female,50 to 54 years,2010,External IN,6710
624,18127,Porter County,Indiana,Female,55 to 59 years,2010,External IN,5982
625,18127,Porter County,Indiana,Female,60 to 64 years,2010,External IN,4879
626,18127,Porter County,Indiana,Female,65 to 69 years,2010,External IN,3446
627,18127,Porter County,Indiana,Female,70 to 74 years,2010,External IN,2574
628,18127,Porter County,Indiana,Female,75 to 79 years,2010,External IN,1974
629,18127,Porter County,Indiana,Female,80 to 84 years,2010,External IN,1703
630,18127,Porter County,Indiana,Female,85 years and over,2010,External IN,1793
685,55101,Racine County,Wisconsin,Female,0 to 4 years,2010,External WI,6227
694,55101,Racine County,Wisconsin,Female,5 to 9 years,2010,External WI,6472
686,55101,Racine County,Wisconsin,Female,10 to 14 years,2010,External WI,6893
687,55101,Racine County,Wisconsin,Female,15 to 19 years,2010,External WI,6320
688,55101,Racine County,Wisconsin,Female,20 to 24 years,2010,External WI,5261
689,55101,Racine County,Wisconsin,Female,25 to 29 years,2010,External WI,5974
690,55101,Racine County,Wisconsin,Female,30 to 34 years,2010,External WI,5906
691,55101,Racine County,Wisconsin,Female,35 to 39 years,2010,External WI,5951
692,55101,Racine County,Wisconsin,Female,40 to 44 years,2010,External WI,6884
693,55101,Racine County,Wisconsin,Female,45 to 49 years,2010,External WI,7982
695,55101,Racine County,Wisconsin,Female,50 to 54 years,2010,External WI,8056
696,55101,Racine County,Wisconsin,Female,55 to 59 years,2010,External WI,6613
697,55101,Racine County,Wisconsin,Female,60 to 64 years,2010,External WI,5478
698,55101,Racine County,Wisconsin,Female,65 to 69 years,2010,External WI,4036
699,55101,Racine County,Wisconsin,Female,70 to 74 years,2010,External WI,3103
700,55101,Racine County,Wisconsin,Female,75 to 79 years,2010,External WI,2567
701,55101,Racine County,Wisconsin,Female,80 to 84 years,2010,External WI,2321
702,55101,Racine County,Wisconsin,Female,85 years and over,2010,External WI,2593
721,55127,Walworth County,Wisconsin,Female,0 to 4 years,2010,External WI,3028
730,55127,Walworth County,Wisconsin,Female,5 to 9 years,2010,External WI,3247
722,55127,Walworth County,Wisconsin,Female,10 to 14 years,2010,External WI,3258
723,55127,Walworth County,Wisconsin,Female,15 to 19 years,2010,External WI,3649
724,55127,Walworth County,Wisconsin,Female,20 to 24 years,2010,External WI,4072
725,55127,Walworth County,Wisconsin,Female,25 to 29 years,2010,External WI,2785
726,55127,Walworth County,Wisconsin,Female,30 to 34 years,2010,External WI,2813
727,55127,Walworth County,Wisconsin,Female,35 to 39 years,2010,External WI,3079
728,55127,Walworth County,Wisconsin,Female,40 to 44 years,2010,External WI,3307
729,55127,Walworth County,Wisconsin,Female,45 to 49 years,2010,External WI,3972
731,55127,Walworth County,Wisconsin,Female,50 to 54 years,2010,External WI,3817
732,55127,Walworth County,Wisconsin,Female,55 to 59 years,2010,External WI,3418
733,55127,Walworth County,Wisconsin,Female,60 to 64 years,2010,External WI,2897
734,55127,Walworth County,Wisconsin,Female,65 to 69 years,2010,External WI,2137
735,55127,Walworth County,Wisconsin,Female,70 to 74 years,2010,External WI,1675
736,55127,Walworth County,Wisconsin,Female,75 to 79 years,2010,External WI,1279
737,55127,Walworth County,Wisconsin,Female,80 to 84 years,2010,External WI,1193
738,55127,Walworth County,Wisconsin,Female,85 years and over,2010,External WI,1365
469,17197,Will County,Illinois,Female,0 to 4 years,2010,CMAP Region,24072
478,17197,Will County,Illinois,Female,5 to 9 years,2010,CMAP Region,27268
470,17197,Will County,Illinois,Female,10 to 14 years,2010,CMAP Region,27927
471,17197,Will County,Illinois,Female,15 to 19 years,2010,CMAP Region,25353
472,17197,Will County,Illinois,Female,20 to 24 years,2010,CMAP Region,17362
473,17197,Will County,Illinois,Female,25 to 29 years,2010,CMAP Region,19243
474,17197,Will County,Illinois,Female,30 to 34 years,2010,CMAP Region,22807
475,17197,Will County,Illinois,Female,35 to 39 years,2010,CMAP Region,26727
476,17197,Will County,Illinois,Female,40 to 44 years,2010,CMAP Region,28179
477,17197,Will County,Illinois,Female,45 to 49 years,2010,CMAP Region,27378
479,17197,Will County,Illinois,Female,50 to 54 years,2010,CMAP Region,24053
480,17197,Will County,Illinois,Female,55 to 59 years,2010,CMAP Region,19319
481,17197,Will County,Illinois,Female,60 to 64 years,2010,CMAP Region,15887
482,17197,Will County,Illinois,Female,65 to 69 years,2010,CMAP Region,11143
483,17197,Will County,Illinois,Female,70 to 74 years,2010,CMAP Region,8106
484,17197,Will County,Illinois,Female,75 to 79 years,2010,CMAP Region,6113
485,17197,Will County,Illinois,Female,80 to 84 years,2010,CMAP Region,4929
486,17197,Will County,Illinois,Female,85 years and over,2010,CMAP Region,5138
505,17201,Winnebago County,Illinois,Female,0 to 4 years,2010,External IL,9566
514,17201,Winnebago County,Illinois,Female,5 to 9 years,2010,External IL,9860
506,17201,Winnebago County,Illinois,Female,10 to 14 years,2010,External IL,10333
507,17201,Winnebago County,Illinois,Female,15 to 19 years,2010,External IL,10105
508,17201,Winnebago County,Illinois,Female,20 to 24 years,2010,External IL,8820
509,17201,Winnebago County,Illinois,Female,25 to 29 years,2010,External IL,9533
510,17201,Winnebago County,Illinois,Female,30 to 34 years,2010,External IL,9069
511,17201,Winnebago County,Illinois,Female,35 to 39 years,2010,External IL,9604
512,17201,Winnebago County,Illinois,Female,40 to 44 years,2010,External IL,9869
513,17201,Winnebago County,Illinois,Female,45 to 49 years,2010,External IL,11163
515,17201,Winnebago County,Illinois,Female,50 to 54 years,2010,External IL,11013
516,17201,Winnebago County,Illinois,Female,55 to 59 years,2010,External IL,10088
517,17201,Winnebago County,Illinois,Female,60 to 64 years,2010,External IL,8639
518,17201,Winnebago County,Illinois,Female,65 to 69 years,2010,External IL,6535
519,17201,Winnebago County,Illinois,Female,70 to 74 years,2010,External IL,4907
520,17201,Winnebago County,Illinois,Female,75 to 79 years,2010,External IL,4147
521,17201,Winnebago County,Illinois,Female,80 to 84 years,2010,External IL,3544
522,17201,Winnebago County,Illinois,Female,85 years and over,2010,External IL,4144
19,17007,Boone County,Illinois,Male,0 to 4 years,2010,External IL,1915
28,17007,Boone County,Illinois,Male,5 to 9 years,2010,External IL,2193
20,17007,Boone County,Illinois,Male,10 to 14 years,2010,External IL,2425
21,17007,Boone County,Illinois,Male,15 to 19 years,2010,External IL,2291
22,17007,Boone County,Illinois,Male,20 to 24 years,2010,External IL,1482
23,17007,Boone County,Illinois,Male,25 to 29 years,2010,External IL,1318
24,17007,Boone County,Illinois,Male,30 to 34 years,2010,External IL,1542
25,17007,Boone County,Illinois,Male,35 to 39 years,2010,External IL,1953
26,17007,Boone County,Illinois,Male,40 to 44 years,2010,External IL,2055
27,17007,Boone County,Illinois,Male,45 to 49 years,2010,External IL,2160
29,17007,Boone County,Illinois,Male,50 to 54 years,2010,External IL,1882
30,17007,Boone County,Illinois,Male,55 to 59 years,2010,External IL,1634
31,17007,Boone County,Illinois,Male,60 to 64 years,2010,External IL,1318
32,17007,Boone County,Illinois,Male,65 to 69 years,2010,External IL,1089
33,17007,Boone County,Illinois,Male,70 to 74 years,2010,External IL,766
34,17007,Boone County,Illinois,Male,75 to 79 years,2010,External IL,483
35,17007,Boone County,Illinois,Male,80 to 84 years,2010,External IL,344
36,17007,Boone County,Illinois,Male,85 years and over,2010,External IL,209
55,17031,Cook County,Illinois,Male,0 to 4 years,2010,CMAP Region,174153
64,17031,Cook County,Illinois,Male,5 to 9 years,2010,CMAP Region,168600
56,17031,Cook County,Illinois,Male,10 to 14 years,2010,CMAP Region,172848
57,17031,Cook County,Illinois,Male,15 to 19 years,2010,CMAP Region,183431
58,17031,Cook County,Illinois,Male,20 to 24 years,2010,CMAP Region,184841
59,17031,Cook County,Illinois,Male,25 to 29 years,2010,CMAP Region,214382
60,17031,Cook County,Illinois,Male,30 to 34 years,2010,CMAP Region,197362
61,17031,Cook County,Illinois,Male,35 to 39 years,2010,CMAP Region,179623
62,17031,Cook County,Illinois,Male,40 to 44 years,2010,CMAP Region,172025
63,17031,Cook County,Illinois,Male,45 to 49 years,2010,CMAP Region,174306
65,17031,Cook County,Illinois,Male,50 to 54 years,2010,CMAP Region,172628
66,17031,Cook County,Illinois,Male,55 to 59 years,2010,CMAP Region,148009
67,17031,Cook County,Illinois,Male,60 to 64 years,2010,CMAP Region,119841
68,17031,Cook County,Illinois,Male,65 to 69 years,2010,CMAP Region,82698
69,17031,Cook County,Illinois,Male,70 to 74 years,2010,CMAP Region,60220
70,17031,Cook County,Illinois,Male,75 to 79 years,2010,CMAP Region,46108
71,17031,Cook County,Illinois,Male,80 to 84 years,2010,CMAP Region,35103
72,17031,Cook County,Illinois,Male,85 years and over,2010,CMAP Region,28136
91,17037,DeKalb County,Illinois,Male,0 to 4 years,2010,External IL,3409
100,17037,DeKalb County,Illinois,Male,5 to 9 years,2010,External IL,3444
92,17037,DeKalb County,Illinois,Male,10 to 14 years,2010,External IL,3289
93,17037,DeKalb County,Illinois,Male,15 to 19 years,2010,External IL,4794
94,17037,DeKalb County,Illinois,Male,20 to 24 years,2010,External IL,8152
95,17037,DeKalb County,Illinois,Male,25 to 29 years,2010,External IL,4360
96,17037,DeKalb County,Illinois,Male,30 to 34 years,2010,External IL,3342
97,17037,DeKalb County,Illinois,Male,35 to 39 years,2010,External IL,2965
98,17037,DeKalb County,Illinois,Male,40 to 44 years,2010,External IL,3031
99,17037,DeKalb County,Illinois,Male,45 to 49 years,2010,External IL,3297
101,17037,DeKalb County,Illinois,Male,50 to 54 years,2010,External IL,3192
102,17037,DeKalb County,Illinois,Male,55 to 59 years,2010,External IL,2690
103,17037,DeKalb County,Illinois,Male,60 to 64 years,2010,External IL,2152
104,17037,DeKalb County,Illinois,Male,65 to 69 years,2010,External IL,1471
105,17037,DeKalb County,Illinois,Male,70 to 74 years,2010,External IL,1037
106,17037,DeKalb County,Illinois,Male,75 to 79 years,2010,External IL,801
107,17037,DeKalb County,Illinois,Male,80 to 84 years,2010,External IL,601
108,17037,DeKalb County,Illinois,Male,85 years and over,2010,External IL,503
127,17043,DuPage County,Illinois,Male,0 to 4 years,2010,CMAP Region,28979
136,17043,DuPage County,Illinois,Male,5 to 9 years,2010,CMAP Region,31707
128,17043,DuPage County,Illinois,Male,10 to 14 years,2010,CMAP Region,33638
129,17043,DuPage County,Illinois,Male,15 to 19 years,2010,CMAP Region,34144
130,17043,DuPage County,Illinois,Male,20 to 24 years,2010,CMAP Region,28230
131,17043,DuPage County,Illinois,Male,25 to 29 years,2010,CMAP Region,30554
132,17043,DuPage County,Illinois,Male,30 to 34 years,2010,CMAP Region,28474
133,17043,DuPage County,Illinois,Male,35 to 39 years,2010,CMAP Region,29310
134,17043,DuPage County,Illinois,Male,40 to 44 years,2010,CMAP Region,32326
135,17043,DuPage County,Illinois,Male,45 to 49 years,2010,CMAP Region,35888
137,17043,DuPage County,Illinois,Male,50 to 54 years,2010,CMAP Region,35976
138,17043,DuPage County,Illinois,Male,55 to 59 years,2010,CMAP Region,30645
139,17043,DuPage County,Illinois,Male,60 to 64 years,2010,CMAP Region,24332
140,17043,DuPage County,Illinois,Male,65 to 69 years,2010,CMAP Region,16250
141,17043,DuPage County,Illinois,Male,70 to 74 years,2010,CMAP Region,10673
142,17043,DuPage County,Illinois,Male,75 to 79 years,2010,CMAP Region,7585
143,17043,DuPage County,Illinois,Male,80 to 84 years,2010,CMAP Region,5829
144,17043,DuPage County,Illinois,Male,85 years and over,2010,CMAP Region,4811
163,17063,Grundy County,Illinois,Male,0 to 4 years,2010,External IL,1897
172,17063,Grundy County,Illinois,Male,5 to 9 years,2010,External IL,2034
164,17063,Grundy County,Illinois,Male,10 to 14 years,2010,External IL,1911
165,17063,Grundy County,Illinois,Male,15 to 19 years,2010,External IL,1826
166,17063,Grundy County,Illinois,Male,20 to 24 years,2010,External IL,1262
167,17063,Grundy County,Illinois,Male,25 to 29 years,2010,External IL,1602
168,17063,Grundy County,Illinois,Male,30 to 34 years,2010,External IL,1811
169,17063,Grundy County,Illinois,Male,35 to 39 years,2010,External IL,1791
170,17063,Grundy County,Illinois,Male,40 to 44 years,2010,External IL,1899
171,17063,Grundy County,Illinois,Male,45 to 49 years,2010,External IL,1948
173,17063,Grundy County,Illinois,Male,50 to 54 years,2010,External IL,1803
174,17063,Grundy County,Illinois,Male,55 to 59 years,2010,External IL,1548
175,17063,Grundy County,Illinois,Male,60 to 64 years,2010,External IL,1237
176,17063,Grundy County,Illinois,Male,65 to 69 years,2010,External IL,854
177,17063,Grundy County,Illinois,Male,70 to 74 years,2010,External IL,652
178,17063,Grundy County,Illinois,Male,75 to 79 years,2010,External IL,369
179,17063,Grundy County,Illinois,Male,80 to 84 years,2010,External IL,284
180,17063,Grundy County,Illinois,Male,85 years and over,2010,External IL,249
199,17089,Kane County,Illinois,Male,0 to 4 years,2010,CMAP Region,20265
208,17089,Kane County,Illinois,Male,5 to 9 years,2010,CMAP Region,22052
200,17089,Kane County,Illinois,Male,10 to 14 years,2010,CMAP Region,21355
201,17089,Kane County,Illinois,Male,15 to 19 years,2010,CMAP Region,19862
202,17089,Kane County,Illinois,Male,20 to 24 years,2010,CMAP Region,15353
203,17089,Kane County,Illinois,Male,25 to 29 years,2010,CMAP Region,16991
204,17089,Kane County,Illinois,Male,30 to 34 years,2010,CMAP Region,17752
205,17089,Kane County,Illinois,Male,35 to 39 years,2010,CMAP Region,18753
206,17089,Kane County,Illinois,Male,40 to 44 years,2010,CMAP Region,19367
207,17089,Kane County,Illinois,Male,45 to 49 years,2010,CMAP Region,19424
209,17089,Kane County,Illinois,Male,50 to 54 years,2010,CMAP Region,17785
210,17089,Kane County,Illinois,Male,55 to 59 years,2010,CMAP Region,14605
211,17089,Kane County,Illinois,Male,60 to 64 years,2010,CMAP Region,11765
212,17089,Kane County,Illinois,Male,65 to 69 years,2010,CMAP Region,7777
213,17089,Kane County,Illinois,Male,70 to 74 years,2010,CMAP Region,5370
214,17089,Kane County,Illinois,Male,75 to 79 years,2010,CMAP Region,3725
215,17089,Kane County,Illinois,Male,80 to 84 years,2010,CMAP Region,2571
216,17089,Kane County,Illinois,Male,85 years and over,2010,CMAP Region,2043
235,17091,Kankakee County,Illinois,Male,0 to 4 years,2010,External IL,3922
244,17091,Kankakee County,Illinois,Male,5 to 9 years,2010,External IL,4135
236,17091,Kankakee County,Illinois,Male,10 to 14 years,2010,External IL,4139
237,17091,Kankakee County,Illinois,Male,15 to 19 years,2010,External IL,4461
238,17091,Kankakee County,Illinois,Male,20 to 24 years,2010,External IL,3877
239,17091,Kankakee County,Illinois,Male,25 to 29 years,2010,External IL,3538
240,17091,Kankakee County,Illinois,Male,30 to 34 years,2010,External IL,3474
241,17091,Kankakee County,Illinois,Male,35 to 39 years,2010,External IL,3503
242,17091,Kankakee County,Illinois,Male,40 to 44 years,2010,External IL,3542
243,17091,Kankakee County,Illinois,Male,45 to 49 years,2010,External IL,3995
245,17091,Kankakee County,Illinois,Male,50 to 54 years,2010,External IL,3985
246,17091,Kankakee County,Illinois,Male,55 to 59 years,2010,External IL,3637
247,17091,Kankakee County,Illinois,Male,60 to 64 years,2010,External IL,2900
248,17091,Kankakee County,Illinois,Male,65 to 69 years,2010,External IL,2201
249,17091,Kankakee County,Illinois,Male,70 to 74 years,2010,External IL,1543
250,17091,Kankakee County,Illinois,Male,75 to 79 years,2010,External IL,1178
251,17091,Kankakee County,Illinois,Male,80 to 84 years,2010,External IL,912
252,17091,Kankakee County,Illinois,Male,85 years and over,2010,External IL,789
271,17093,Kendall County,Illinois,Male,0 to 4 years,2010,CMAP Region,5196
280,17093,Kendall County,Illinois,Male,5 to 9 years,2010,CMAP Region,5565
272,17093,Kendall County,Illinois,Male,10 to 14 years,2010,CMAP Region,5047
273,17093,Kendall County,Illinois,Male,15 to 19 years,2010,CMAP Region,4095
274,17093,Kendall County,Illinois,Male,20 to 24 years,2010,CMAP Region,2736
275,17093,Kendall County,Illinois,Male,25 to 29 years,2010,CMAP Region,3684
276,17093,Kendall County,Illinois,Male,30 to 34 years,2010,CMAP Region,4664
277,17093,Kendall County,Illinois,Male,35 to 39 years,2010,CMAP Region,5132
278,17093,Kendall County,Illinois,Male,40 to 44 years,2010,CMAP Region,4817
279,17093,Kendall County,Illinois,Male,45 to 49 years,2010,CMAP Region,4170
281,17093,Kendall County,Illinois,Male,50 to 54 years,2010,CMAP Region,3258
282,17093,Kendall County,Illinois,Male,55 to 59 years,2010,CMAP Region,2641
283,17093,Kendall County,Illinois,Male,60 to 64 years,2010,CMAP Region,2075
284,17093,Kendall County,Illinois,Male,65 to 69 years,2010,CMAP Region,1540
285,17093,Kendall County,Illinois,Male,70 to 74 years,2010,CMAP Region,905
286,17093,Kendall County,Illinois,Male,75 to 79 years,2010,CMAP Region,595
287,17093,Kendall County,Illinois,Male,80 to 84 years,2010,CMAP Region,374
288,17093,Kendall County,Illinois,Male,85 years and over,2010,CMAP Region,327
667,55059,Kenosha County,Wisconsin,Male,0 to 4 years,2010,External WI,5583
676,55059,Kenosha County,Wisconsin,Male,5 to 9 years,2010,External WI,6065
668,55059,Kenosha County,Wisconsin,Male,10 to 14 years,2010,External WI,6365
669,55059,Kenosha County,Wisconsin,Male,15 to 19 years,2010,External WI,6773
670,55059,Kenosha County,Wisconsin,Male,20 to 24 years,2010,External WI,5754
671,55059,Kenosha County,Wisconsin,Male,25 to 29 years,2010,External WI,5146
672,55059,Kenosha County,Wisconsin,Male,30 to 34 years,2010,External WI,5192
673,55059,Kenosha County,Wisconsin,Male,35 to 39 years,2010,External WI,5514
674,55059,Kenosha County,Wisconsin,Male,40 to 44 years,2010,External WI,6034
675,55059,Kenosha County,Wisconsin,Male,45 to 49 years,2010,External WI,6905
677,55059,Kenosha County,Wisconsin,Male,50 to 54 years,2010,External WI,6167
678,55059,Kenosha County,Wisconsin,Male,55 to 59 years,2010,External WI,5150
679,55059,Kenosha County,Wisconsin,Male,60 to 64 years,2010,External WI,3855
680,55059,Kenosha County,Wisconsin,Male,65 to 69 years,2010,External WI,2636
681,55059,Kenosha County,Wisconsin,Male,70 to 74 years,2010,External WI,1935
682,55059,Kenosha County,Wisconsin,Male,75 to 79 years,2010,External WI,1385
683,55059,Kenosha County,Wisconsin,Male,80 to 84 years,2010,External WI,1107
684,55059,Kenosha County,Wisconsin,Male,85 years and over,2010,External WI,878
307,17097,Lake County,Illinois,Male,0 to 4 years,2010,CMAP Region,24011
559,18089,Lake County,Indiana,Male,0 to 4 years,2010,External IN,16962
316,17097,Lake County,Illinois,Male,5 to 9 years,2010,CMAP Region,27402
568,18089,Lake County,Indiana,Male,5 to 9 years,2010,External IN,17952
308,17097,Lake County,Illinois,Male,10 to 14 years,2010,CMAP Region,29162
560,18089,Lake County,Indiana,Male,10 to 14 years,2010,External IN,18537
309,17097,Lake County,Illinois,Male,15 to 19 years,2010,CMAP Region,30215
561,18089,Lake County,Indiana,Male,15 to 19 years,2010,External IN,18577
310,17097,Lake County,Illinois,Male,20 to 24 years,2010,CMAP Region,23536
562,18089,Lake County,Indiana,Male,20 to 24 years,2010,External IN,14613
311,17097,Lake County,Illinois,Male,25 to 29 years,2010,CMAP Region,20513
563,18089,Lake County,Indiana,Male,25 to 29 years,2010,External IN,15259
312,17097,Lake County,Illinois,Male,30 to 34 years,2010,CMAP Region,20264
564,18089,Lake County,Indiana,Male,30 to 34 years,2010,External IN,15043
313,17097,Lake County,Illinois,Male,35 to 39 years,2010,CMAP Region,22981
565,18089,Lake County,Indiana,Male,35 to 39 years,2010,External IN,14991
314,17097,Lake County,Illinois,Male,40 to 44 years,2010,CMAP Region,25727
566,18089,Lake County,Indiana,Male,40 to 44 years,2010,External IN,15265
315,17097,Lake County,Illinois,Male,45 to 49 years,2010,CMAP Region,28581
567,18089,Lake County,Indiana,Male,45 to 49 years,2010,External IN,17339
317,17097,Lake County,Illinois,Male,50 to 54 years,2010,CMAP Region,27390
569,18089,Lake County,Indiana,Male,50 to 54 years,2010,External IN,18325
318,17097,Lake County,Illinois,Male,55 to 59 years,2010,CMAP Region,22211
570,18089,Lake County,Indiana,Male,55 to 59 years,2010,External IN,16205
319,17097,Lake County,Illinois,Male,60 to 64 years,2010,CMAP Region,17121
571,18089,Lake County,Indiana,Male,60 to 64 years,2010,External IN,12858
320,17097,Lake County,Illinois,Male,65 to 69 years,2010,CMAP Region,11495
572,18089,Lake County,Indiana,Male,65 to 69 years,2010,External IN,8860
321,17097,Lake County,Illinois,Male,70 to 74 years,2010,CMAP Region,7634
573,18089,Lake County,Indiana,Male,70 to 74 years,2010,External IN,6557
322,17097,Lake County,Illinois,Male,75 to 79 years,2010,CMAP Region,5396
574,18089,Lake County,Indiana,Male,75 to 79 years,2010,External IN,5248
323,17097,Lake County,Illinois,Male,80 to 84 years,2010,CMAP Region,4192
575,18089,Lake County,Indiana,Male,80 to 84 years,2010,External IN,3858
324,17097,Lake County,Illinois,Male,85 years and over,2010,CMAP Region,3288
576,18089,Lake County,Indiana,Male,85 years and over,2010,External IN,2934
595,18091,LaPorte County,Indiana,Male,0 to 4 years,2010,External IN,3363
604,18091,LaPorte County,Indiana,Male,5 to 9 years,2010,External IN,3466
596,18091,LaPorte County,Indiana,Male,10 to 14 years,2010,External IN,3677
597,18091,LaPorte County,Indiana,Male,15 to 19 years,2010,External IN,3986
598,18091,LaPorte County,Indiana,Male,20 to 24 years,2010,External IN,3731
599,18091,LaPorte County,Indiana,Male,25 to 29 years,2010,External IN,4134
600,18091,LaPorte County,Indiana,Male,30 to 34 years,2010,External IN,4106
601,18091,LaPorte County,Indiana,Male,35 to 39 years,2010,External IN,3994
602,18091,LaPorte County,Indiana,Male,40 to 44 years,2010,External IN,4066
603,18091,LaPorte County,Indiana,Male,45 to 49 years,2010,External IN,4390
605,18091,LaPorte County,Indiana,Male,50 to 54 years,2010,External IN,4458
606,18091,LaPorte County,Indiana,Male,55 to 59 years,2010,External IN,4099
607,18091,LaPorte County,Indiana,Male,60 to 64 years,2010,External IN,3344
608,18091,LaPorte County,Indiana,Male,65 to 69 years,2010,External IN,2429
609,18091,LaPorte County,Indiana,Male,70 to 74 years,2010,External IN,1659
610,18091,LaPorte County,Indiana,Male,75 to 79 years,2010,External IN,1185
611,18091,LaPorte County,Indiana,Male,80 to 84 years,2010,External IN,918
612,18091,LaPorte County,Indiana,Male,85 years and over,2010,External IN,636
343,17099,LaSalle County,Illinois,Male,0 to 4 years,2010,External IL,3355
352,17099,LaSalle County,Illinois,Male,5 to 9 years,2010,External IL,3750
344,17099,LaSalle County,Illinois,Male,10 to 14 years,2010,External IL,3776
345,17099,LaSalle County,Illinois,Male,15 to 19 years,2010,External IL,3895
346,17099,LaSalle County,Illinois,Male,20 to 24 years,2010,External IL,3472
347,17099,LaSalle County,Illinois,Male,25 to 29 years,2010,External IL,3590
348,17099,LaSalle County,Illinois,Male,30 to 34 years,2010,External IL,3378
349,17099,LaSalle County,Illinois,Male,35 to 39 years,2010,External IL,3324
350,17099,LaSalle County,Illinois,Male,40 to 44 years,2010,External IL,3730
351,17099,LaSalle County,Illinois,Male,45 to 49 years,2010,External IL,4411
353,17099,LaSalle County,Illinois,Male,50 to 54 years,2010,External IL,4580
354,17099,LaSalle County,Illinois,Male,55 to 59 years,2010,External IL,4069
355,17099,LaSalle County,Illinois,Male,60 to 64 years,2010,External IL,3169
356,17099,LaSalle County,Illinois,Male,65 to 69 years,2010,External IL,2382
357,17099,LaSalle County,Illinois,Male,70 to 74 years,2010,External IL,1890
358,17099,LaSalle County,Illinois,Male,75 to 79 years,2010,External IL,1417
359,17099,LaSalle County,Illinois,Male,80 to 84 years,2010,External IL,1217
360,17099,LaSalle County,Illinois,Male,85 years and over,2010,External IL,1008
379,17103,Lee County,Illinois,Male,0 to 4 years,2010,External IL,121
388,17103,Lee County,Illinois,Male,5 to 9 years,2010,External IL,127
380,17103,Lee County,Illinois,Male,10 to 14 years,2010,External IL,155
381,17103,Lee County,Illinois,Male,15 to 19 years,2010,External IL,177
382,17103,Lee County,Illinois,Male,20 to 24 years,2010,External IL,118
383,17103,Lee County,Illinois,Male,25 to 29 years,2010,External IL,87
384,17103,Lee County,Illinois,Male,30 to 34 years,2010,External IL,102
385,17103,Lee County,Illinois,Male,35 to 39 years,2010,External IL,122
386,17103,Lee County,Illinois,Male,40 to 44 years,2010,External IL,139
387,17103,Lee County,Illinois,Male,45 to 49 years,2010,External IL,181
389,17103,Lee County,Illinois,Male,50 to 54 years,2010,External IL,197
390,17103,Lee County,Illinois,Male,55 to 59 years,2010,External IL,147
391,17103,Lee County,Illinois,Male,60 to 64 years,2010,External IL,127
392,17103,Lee County,Illinois,Male,65 to 69 years,2010,External IL,99
393,17103,Lee County,Illinois,Male,70 to 74 years,2010,External IL,92
394,17103,Lee County,Illinois,Male,75 to 79 years,2010,External IL,50
395,17103,Lee County,Illinois,Male,80 to 84 years,2010,External IL,35
396,17103,Lee County,Illinois,Male,85 years and over,2010,External IL,17
415,17111,McHenry County,Illinois,Male,0 to 4 years,2010,CMAP Region,10152
424,17111,McHenry County,Illinois,Male,5 to 9 years,2010,CMAP Region,11970
416,17111,McHenry County,Illinois,Male,10 to 14 years,2010,CMAP Region,12924
417,17111,McHenry County,Illinois,Male,15 to 19 years,2010,CMAP Region,12220
418,17111,McHenry County,Illinois,Male,20 to 24 years,2010,CMAP Region,8202
419,17111,McHenry County,Illinois,Male,25 to 29 years,2010,CMAP Region,8456
420,17111,McHenry County,Illinois,Male,30 to 34 years,2010,CMAP Region,9070
421,17111,McHenry County,Illinois,Male,35 to 39 years,2010,CMAP Region,10652
422,17111,McHenry County,Illinois,Male,40 to 44 years,2010,CMAP Region,12645
423,17111,McHenry County,Illinois,Male,45 to 49 years,2010,CMAP Region,13855
425,17111,McHenry County,Illinois,Male,50 to 54 years,2010,CMAP Region,12451
426,17111,McHenry County,Illinois,Male,55 to 59 years,2010,CMAP Region,9815
427,17111,McHenry County,Illinois,Male,60 to 64 years,2010,CMAP Region,7622
428,17111,McHenry County,Illinois,Male,65 to 69 years,2010,CMAP Region,5409
429,17111,McHenry County,Illinois,Male,70 to 74 years,2010,CMAP Region,3414
430,17111,McHenry County,Illinois,Male,75 to 79 years,2010,CMAP Region,2342
431,17111,McHenry County,Illinois,Male,80 to 84 years,2010,CMAP Region,1621
432,17111,McHenry County,Illinois,Male,85 years and over,2010,CMAP Region,1116
451,17141,Ogle County,Illinois,Male,0 to 4 years,2010,External IL,781
460,17141,Ogle County,Illinois,Male,5 to 9 years,2010,External IL,814
452,17141,Ogle County,Illinois,Male,10 to 14 years,2010,External IL,802
453,17141,Ogle County,Illinois,Male,15 to 19 years,2010,External IL,822
454,17141,Ogle County,Illinois,Male,20 to 24 years,2010,External IL,617
455,17141,Ogle County,Illinois,Male,25 to 29 years,2010,External IL,622
456,17141,Ogle County,Illinois,Male,30 to 34 years,2010,External IL,609
457,17141,Ogle County,Illinois,Male,35 to 39 years,2010,External IL,720
458,17141,Ogle County,Illinois,Male,40 to 44 years,2010,External IL,763
459,17141,Ogle County,Illinois,Male,45 to 49 years,2010,External IL,819
461,17141,Ogle County,Illinois,Male,50 to 54 years,2010,External IL,739
462,17141,Ogle County,Illinois,Male,55 to 59 years,2010,External IL,606
463,17141,Ogle County,Illinois,Male,60 to 64 years,2010,External IL,480
464,17141,Ogle County,Illinois,Male,65 to 69 years,2010,External IL,384
465,17141,Ogle County,Illinois,Male,70 to 74 years,2010,External IL,274
466,17141,Ogle County,Illinois,Male,75 to 79 years,2010,External IL,221
467,17141,Ogle County,Illinois,Male,80 to 84 years,2010,External IL,149
468,17141,Ogle County,Illinois,Male,85 years and over,2010,External IL,106
631,18127,Porter County,Indiana,Male,0 to 4 years,2010,External IN,5020
640,18127,Porter County,Indiana,Male,5 to 9 years,2010,External IN,5746
632,18127,Porter County,Indiana,Male,10 to 14 years,2010,External IN,5958
633,18127,Porter County,Indiana,Male,15 to 19 years,2010,External IN,6115
634,18127,Porter County,Indiana,Male,20 to 24 years,2010,External IN,5215
635,18127,Porter County,Indiana,Male,25 to 29 years,2010,External IN,5021
636,18127,Porter County,Indiana,Male,30 to 34 years,2010,External IN,5025
637,18127,Porter County,Indiana,Male,35 to 39 years,2010,External IN,5401
638,18127,Porter County,Indiana,Male,40 to 44 years,2010,External IN,5420
639,18127,Porter County,Indiana,Male,45 to 49 years,2010,External IN,5902
641,18127,Porter County,Indiana,Male,50 to 54 years,2010,External IN,6369
642,18127,Porter County,Indiana,Male,55 to 59 years,2010,External IN,5925
643,18127,Porter County,Indiana,Male,60 to 64 years,2010,External IN,4774
644,18127,Porter County,Indiana,Male,65 to 69 years,2010,External IN,3293
645,18127,Porter County,Indiana,Male,70 to 74 years,2010,External IN,2138
646,18127,Porter County,Indiana,Male,75 to 79 years,2010,External IN,1567
647,18127,Porter County,Indiana,Male,80 to 84 years,2010,External IN,1071
648,18127,Porter County,Indiana,Male,85 years and over,2010,External IN,804
703,55101,Racine County,Wisconsin,Male,0 to 4 years,2010,External WI,6520
712,55101,Racine County,Wisconsin,Male,5 to 9 years,2010,External WI,6761
704,55101,Racine County,Wisconsin,Male,10 to 14 years,2010,External WI,7098
705,55101,Racine County,Wisconsin,Male,15 to 19 years,2010,External WI,6908
706,55101,Racine County,Wisconsin,Male,20 to 24 years,2010,External WI,5928
707,55101,Racine County,Wisconsin,Male,25 to 29 years,2010,External WI,5989
708,55101,Racine County,Wisconsin,Male,30 to 34 years,2010,External WI,5927
709,55101,Racine County,Wisconsin,Male,35 to 39 years,2010,External WI,6091
710,55101,Racine County,Wisconsin,Male,40 to 44 years,2010,External WI,6810
711,55101,Racine County,Wisconsin,Male,45 to 49 years,2010,External WI,7935
713,55101,Racine County,Wisconsin,Male,50 to 54 years,2010,External WI,7805
714,55101,Racine County,Wisconsin,Male,55 to 59 years,2010,External WI,6604
715,55101,Racine County,Wisconsin,Male,60 to 64 years,2010,External WI,5276
716,55101,Racine County,Wisconsin,Male,65 to 69 years,2010,External WI,3566
717,55101,Racine County,Wisconsin,Male,70 to 74 years,2010,External WI,2697
718,55101,Racine County,Wisconsin,Male,75 to 79 years,2010,External WI,2013
719,55101,Racine County,Wisconsin,Male,80 to 84 years,2010,External WI,1590
720,55101,Racine County,Wisconsin,Male,85 years and over,2010,External WI,1253
739,55127,Walworth County,Wisconsin,Male,0 to 4 years,2010,External WI,3168
748,55127,Walworth County,Wisconsin,Male,5 to 9 years,2010,External WI,3521
740,55127,Walworth County,Wisconsin,Male,10 to 14 years,2010,External WI,3538
741,55127,Walworth County,Wisconsin,Male,15 to 19 years,2010,External WI,3939
742,55127,Walworth County,Wisconsin,Male,20 to 24 years,2010,External WI,4612
743,55127,Walworth County,Wisconsin,Male,25 to 29 years,2010,External WI,2961
744,55127,Walworth County,Wisconsin,Male,30 to 34 years,2010,External WI,2911
745,55127,Walworth County,Wisconsin,Male,35 to 39 years,2010,External WI,2974
746,55127,Walworth County,Wisconsin,Male,40 to 44 years,2010,External WI,3354
747,55127,Walworth County,Wisconsin,Male,45 to 49 years,2010,External WI,3899
749,55127,Walworth County,Wisconsin,Male,50 to 54 years,2010,External WI,3880
750,55127,Walworth County,Wisconsin,Male,55 to 59 years,2010,External WI,3512
751,55127,Walworth County,Wisconsin,Male,60 to 64 years,2010,External WI,2860
752,55127,Walworth County,Wisconsin,Male,65 to 69 years,2010,External WI,2117
753,55127,Walworth County,Wisconsin,Male,70 to 74 years,2010,External WI,1433
754,55127,Walworth County,Wisconsin,Male,75 to 79 years,2010,External WI,1062
755,55127,Walworth County,Wisconsin,Male,80 to 84 years,2010,External WI,867
756,55127,Walworth County,Wisconsin,Male,85 years and over,2010,External WI,629
487,17197,Will County,Illinois,Male,0 to 4 years,2010,CMAP Region,24973
496,17197,Will County,Illinois,Male,5 to 9 years,2010,CMAP Region,28788
488,17197,Will County,Illinois,Male,10 to 14 years,2010,CMAP Region,29519
489,17197,Will County,Illinois,Male,15 to 19 years,2010,CMAP Region,27232
490,17197,Will County,Illinois,Male,20 to 24 years,2010,CMAP Region,19045
491,17197,Will County,Illinois,Male,25 to 29 years,2010,CMAP Region,19239
492,17197,Will County,Illinois,Male,30 to 34 years,2010,CMAP Region,21674
493,17197,Will County,Illinois,Male,35 to 39 years,2010,CMAP Region,25673
494,17197,Will County,Illinois,Male,40 to 44 years,2010,CMAP Region,27536
495,17197,Will County,Illinois,Male,45 to 49 years,2010,CMAP Region,27591
497,17197,Will County,Illinois,Male,50 to 54 years,2010,CMAP Region,24130
498,17197,Will County,Illinois,Male,55 to 59 years,2010,CMAP Region,18792
499,17197,Will County,Illinois,Male,60 to 64 years,2010,CMAP Region,14979
500,17197,Will County,Illinois,Male,65 to 69 years,2010,CMAP Region,10336
501,17197,Will County,Illinois,Male,70 to 74 years,2010,CMAP Region,6833
502,17197,Will County,Illinois,Male,75 to 79 years,2010,CMAP Region,4709
503,17197,Will County,Illinois,Male,80 to 84 years,2010,CMAP Region,3143
504,17197,Will County,Illinois,Male,85 years and over,2010,CMAP Region,2364
523,17201,Winnebago County,Illinois,Male,0 to 4 years,2010,External IL,10090
532,17201,Winnebago County,Illinois,Male,5 to 9 years,2010,External IL,10249
524,17201,Winnebago County,Illinois,Male,10 to 14 years,2010,External IL,10640
525,17201,Winnebago County,Illinois,Male,15 to 19 years,2010,External IL,10471
526,17201,Winnebago County,Illinois,Male,20 to 24 years,2010,External IL,8626
527,17201,Winnebago County,Illinois,Male,25 to 29 years,2010,External IL,9132
528,17201,Winnebago County,Illinois,Male,30 to 34 years,2010,External IL,8867
529,17201,Winnebago County,Illinois,Male,35 to 39 years,2010,External IL,9530
530,17201,Winnebago County,Illinois,Male,40 to 44 years,2010,External IL,9751
531,17201,Winnebago County,Illinois,Male,45 to 49 years,2010,External IL,11047
533,17201,Winnebago County,Illinois,Male,50 to 54 years,2010,External IL,10916
534,17201,Winnebago County,Illinois,Male,55 to 59 years,2010,External IL,9579
535,17201,Winnebago County,Illinois,Male,60 to 64 years,2010,External IL,7991
536,17201,Winnebago County,Illinois,Male,65 to 69 years,2010,External IL,5949
537,17201,Winnebago County,Illinois,Male,70 to 74 years,2010,External IL,4107
538,17201,Winnebago County,Illinois,Male,75 to 79 years,2010,External IL,3172
539,17201,Winnebago County,Illinois,Male,80 to 84 years,2010,External IL,2380
540,17201,Winnebago County,Illinois,Male,85 years and over,2010,External IL,1830
