,GEOID,County,State,Population,Sex,Age,Year,Region,Sort
19,17007,Boone County,Illinois,1507,Female,0 to 4 years,2015,External IL,0
20,17007,Boone County,Illinois,1790,Female,5 to 9 years,2015,External IL,5
21,17007,Boone County,Illinois,2150,Female,10 to 14 years,2015,External IL,10
22,17007,Boone County,Illinois,2016,Female,15 to 19 years,2015,External IL,15
23,17007,Boone County,Illinois,1650,Female,20 to 24 years,2015,External IL,20
24,17007,Boone County,Illinois,1314,Female,25 to 29 years,2015,External IL,25
25,17007,Boone County,Illinois,1467,Female,30 to 34 years,2015,External IL,30
26,17007,Boone County,Illinois,1679,Female,35 to 39 years,2015,External IL,35
27,17007,Boone County,Illinois,1881,Female,40 to 44 years,2015,External IL,40
28,17007,Boone County,Illinois,2001,Female,45 to 49 years,2015,External IL,45
29,17007,Boone County,Illinois,1946,Female,50 to 54 years,2015,External IL,50
30,17007,Boone County,Illinois,1743,Female,55 to 59 years,2015,External IL,55
31,17007,Boone County,Illinois,1494,Female,60 to 64 years,2015,External IL,60
32,17007,Boone County,Illinois,1350,Female,65 to 69 years,2015,External IL,65
33,17007,Boone County,Illinois,1081,Female,70 to 74 years,2015,External IL,70
34,17007,Boone County,Illinois,725,Female,75 to 79 years,2015,External IL,75
35,17007,Boone County,Illinois,493,Female,80 to 84 years,2015,External IL,80
36,17007,Boone County,Illinois,559,Female,85 years and over,2015,External IL,85
55,17031,Cook County,Illinois,163594,Female,0 to 4 years,2015,CMAP Region,0
56,17031,Cook County,Illinois,159916,Female,5 to 9 years,2015,CMAP Region,5
57,17031,Cook County,Illinois,158377,Female,10 to 14 years,2015,CMAP Region,10
58,17031,Cook County,Illinois,159489,Female,15 to 19 years,2015,CMAP Region,15
59,17031,Cook County,Illinois,181241,Female,20 to 24 years,2015,CMAP Region,20
60,17031,Cook County,Illinois,220498,Female,25 to 29 years,2015,CMAP Region,25
61,17031,Cook County,Illinois,210301,Female,30 to 34 years,2015,CMAP Region,30
62,17031,Cook County,Illinois,184154,Female,35 to 39 years,2015,CMAP Region,35
63,17031,Cook County,Illinois,172827,Female,40 to 44 years,2015,CMAP Region,40
64,17031,Cook County,Illinois,169218,Female,45 to 49 years,2015,CMAP Region,45
65,17031,Cook County,Illinois,176303,Female,50 to 54 years,2015,CMAP Region,50
66,17031,Cook County,Illinois,178423,Female,55 to 59 years,2015,CMAP Region,55
67,17031,Cook County,Illinois,155343,Female,60 to 64 years,2015,CMAP Region,60
68,17031,Cook County,Illinois,126952,Female,65 to 69 years,2015,CMAP Region,65
69,17031,Cook County,Illinois,92164,Female,70 to 74 years,2015,CMAP Region,70
70,17031,Cook County,Illinois,70190,Female,75 to 79 years,2015,CMAP Region,75
71,17031,Cook County,Illinois,53216,Female,80 to 84 years,2015,CMAP Region,80
72,17031,Cook County,Illinois,68952,Female,85 years and over,2015,CMAP Region,85
91,17037,DeKalb County,Illinois,2988,Female,0 to 4 years,2015,External IL,0
92,17037,DeKalb County,Illinois,3076,Female,5 to 9 years,2015,External IL,5
93,17037,DeKalb County,Illinois,3168,Female,10 to 14 years,2015,External IL,10
94,17037,DeKalb County,Illinois,4504,Female,15 to 19 years,2015,External IL,15
95,17037,DeKalb County,Illinois,7794,Female,20 to 24 years,2015,External IL,20
96,17037,DeKalb County,Illinois,3614,Female,25 to 29 years,2015,External IL,25
97,17037,DeKalb County,Illinois,3247,Female,30 to 34 years,2015,External IL,30
98,17037,DeKalb County,Illinois,2925,Female,35 to 39 years,2015,External IL,35
99,17037,DeKalb County,Illinois,2756,Female,40 to 44 years,2015,External IL,40
100,17037,DeKalb County,Illinois,2872,Female,45 to 49 years,2015,External IL,45
101,17037,DeKalb County,Illinois,3209,Female,50 to 54 years,2015,External IL,50
102,17037,DeKalb County,Illinois,2968,Female,55 to 59 years,2015,External IL,55
103,17037,DeKalb County,Illinois,2623,Female,60 to 64 years,2015,External IL,60
104,17037,DeKalb County,Illinois,2054,Female,65 to 69 years,2015,External IL,65
105,17037,DeKalb County,Illinois,1543,Female,70 to 74 years,2015,External IL,70
106,17037,DeKalb County,Illinois,1129,Female,75 to 79 years,2015,External IL,75
107,17037,DeKalb County,Illinois,884,Female,80 to 84 years,2015,External IL,80
108,17037,DeKalb County,Illinois,1106,Female,85 years and over,2015,External IL,85
126,17043,DuPage County,Illinois,27315,Female,0 to 4 years,2015,CMAP Region,0
128,17043,DuPage County,Illinois,28982,Female,5 to 9 years,2015,CMAP Region,5
129,17043,DuPage County,Illinois,30852,Female,10 to 14 years,2015,CMAP Region,10
130,17043,DuPage County,Illinois,30712,Female,15 to 19 years,2015,CMAP Region,15
131,17043,DuPage County,Illinois,29092,Female,20 to 24 years,2015,CMAP Region,20
132,17043,DuPage County,Illinois,28082,Female,25 to 29 years,2015,CMAP Region,25
133,17043,DuPage County,Illinois,30373,Female,30 to 34 years,2015,CMAP Region,30
134,17043,DuPage County,Illinois,30200,Female,35 to 39 years,2015,CMAP Region,35
135,17043,DuPage County,Illinois,30334,Female,40 to 44 years,2015,CMAP Region,40
136,17043,DuPage County,Illinois,33260,Female,45 to 49 years,2015,CMAP Region,45
137,17043,DuPage County,Illinois,36977,Female,50 to 54 years,2015,CMAP Region,50
138,17043,DuPage County,Illinois,36149,Female,55 to 59 years,2015,CMAP Region,55
139,17043,DuPage County,Illinois,30043,Female,60 to 64 years,2015,CMAP Region,60
140,17043,DuPage County,Illinois,23824,Female,65 to 69 years,2015,CMAP Region,65
141,17043,DuPage County,Illinois,16778,Female,70 to 74 years,2015,CMAP Region,70
142,17043,DuPage County,Illinois,11474,Female,75 to 79 years,2015,CMAP Region,75
143,17043,DuPage County,Illinois,8886,Female,80 to 84 years,2015,CMAP Region,80
144,17043,DuPage County,Illinois,12192,Female,85 years and over,2015,CMAP Region,85
163,17063,Grundy County,Illinois,1512,Female,0 to 4 years,2015,External IL,0
164,17063,Grundy County,Illinois,1749,Female,5 to 9 years,2015,External IL,5
165,17063,Grundy County,Illinois,1872,Female,10 to 14 years,2015,External IL,10
166,17063,Grundy County,Illinois,1694,Female,15 to 19 years,2015,External IL,15
167,17063,Grundy County,Illinois,1465,Female,20 to 24 years,2015,External IL,20
168,17063,Grundy County,Illinois,1451,Female,25 to 29 years,2015,External IL,25
169,17063,Grundy County,Illinois,1725,Female,30 to 34 years,2015,External IL,30
170,17063,Grundy County,Illinois,1770,Female,35 to 39 years,2015,External IL,35
171,17063,Grundy County,Illinois,1702,Female,40 to 44 years,2015,External IL,40
172,17063,Grundy County,Illinois,1767,Female,45 to 49 years,2015,External IL,45
173,17063,Grundy County,Illinois,1815,Female,50 to 54 years,2015,External IL,50
174,17063,Grundy County,Illinois,1711,Female,55 to 59 years,2015,External IL,55
175,17063,Grundy County,Illinois,1417,Female,60 to 64 years,2015,External IL,60
176,17063,Grundy County,Illinois,1140,Female,65 to 69 years,2015,External IL,65
177,17063,Grundy County,Illinois,864,Female,70 to 74 years,2015,External IL,70
178,17063,Grundy County,Illinois,602,Female,75 to 79 years,2015,External IL,75
179,17063,Grundy County,Illinois,457,Female,80 to 84 years,2015,External IL,80
180,17063,Grundy County,Illinois,551,Female,85 years and over,2015,External IL,85
199,17089,Kane County,Illinois,17140,Female,0 to 4 years,2015,CMAP Region,0
200,17089,Kane County,Illinois,19256,Female,5 to 9 years,2015,CMAP Region,5
201,17089,Kane County,Illinois,20471,Female,10 to 14 years,2015,CMAP Region,10
202,17089,Kane County,Illinois,19156,Female,15 to 19 years,2015,CMAP Region,15
203,17089,Kane County,Illinois,16462,Female,20 to 24 years,2015,CMAP Region,20
204,17089,Kane County,Illinois,14825,Female,25 to 29 years,2015,CMAP Region,25
205,17089,Kane County,Illinois,16782,Female,30 to 34 years,2015,CMAP Region,30
206,17089,Kane County,Illinois,17727,Female,35 to 39 years,2015,CMAP Region,35
207,17089,Kane County,Illinois,18572,Female,40 to 44 years,2015,CMAP Region,40
208,17089,Kane County,Illinois,18800,Female,45 to 49 years,2015,CMAP Region,45
209,17089,Kane County,Illinois,19035,Female,50 to 54 years,2015,CMAP Region,50
210,17089,Kane County,Illinois,17209,Female,55 to 59 years,2015,CMAP Region,55
211,17089,Kane County,Illinois,14811,Female,60 to 64 years,2015,CMAP Region,60
212,17089,Kane County,Illinois,11988,Female,65 to 69 years,2015,CMAP Region,65
213,17089,Kane County,Illinois,8583,Female,70 to 74 years,2015,CMAP Region,70
214,17089,Kane County,Illinois,5723,Female,75 to 79 years,2015,CMAP Region,75
215,17089,Kane County,Illinois,4266,Female,80 to 84 years,2015,CMAP Region,80
216,17089,Kane County,Illinois,5054,Female,85 years and over,2015,CMAP Region,85
235,17091,Kankakee County,Illinois,3244,Female,0 to 4 years,2015,External IL,0
236,17091,Kankakee County,Illinois,3587,Female,5 to 9 years,2015,External IL,5
237,17091,Kankakee County,Illinois,3736,Female,10 to 14 years,2015,External IL,10
238,17091,Kankakee County,Illinois,4230,Female,15 to 19 years,2015,External IL,15
239,17091,Kankakee County,Illinois,4389,Female,20 to 24 years,2015,External IL,20
240,17091,Kankakee County,Illinois,3285,Female,25 to 29 years,2015,External IL,25
241,17091,Kankakee County,Illinois,3368,Female,30 to 34 years,2015,External IL,30
242,17091,Kankakee County,Illinois,3448,Female,35 to 39 years,2015,External IL,35
243,17091,Kankakee County,Illinois,3292,Female,40 to 44 years,2015,External IL,40
244,17091,Kankakee County,Illinois,3511,Female,45 to 49 years,2015,External IL,45
245,17091,Kankakee County,Illinois,3913,Female,50 to 54 years,2015,External IL,50
246,17091,Kankakee County,Illinois,3908,Female,55 to 59 years,2015,External IL,55
247,17091,Kankakee County,Illinois,3449,Female,60 to 64 years,2015,External IL,60
248,17091,Kankakee County,Illinois,2927,Female,65 to 69 years,2015,External IL,65
249,17091,Kankakee County,Illinois,2097,Female,70 to 74 years,2015,External IL,70
250,17091,Kankakee County,Illinois,1636,Female,75 to 79 years,2015,External IL,75
251,17091,Kankakee County,Illinois,1207,Female,80 to 84 years,2015,External IL,80
252,17091,Kankakee County,Illinois,1617,Female,85 years and over,2015,External IL,85
271,17093,Kendall County,Illinois,4420,Female,0 to 4 years,2015,CMAP Region,0
272,17093,Kendall County,Illinois,5134,Female,5 to 9 years,2015,CMAP Region,5
273,17093,Kendall County,Illinois,5165,Female,10 to 14 years,2015,CMAP Region,10
274,17093,Kendall County,Illinois,4390,Female,15 to 19 years,2015,CMAP Region,15
275,17093,Kendall County,Illinois,3429,Female,20 to 24 years,2015,CMAP Region,20
276,17093,Kendall County,Illinois,3420,Female,25 to 29 years,2015,CMAP Region,25
277,17093,Kendall County,Illinois,4894,Female,30 to 34 years,2015,CMAP Region,30
278,17093,Kendall County,Illinois,5192,Female,35 to 39 years,2015,CMAP Region,35
279,17093,Kendall County,Illinois,5219,Female,40 to 44 years,2015,CMAP Region,40
280,17093,Kendall County,Illinois,4548,Female,45 to 49 years,2015,CMAP Region,45
281,17093,Kendall County,Illinois,3854,Female,50 to 54 years,2015,CMAP Region,50
282,17093,Kendall County,Illinois,3344,Female,55 to 59 years,2015,CMAP Region,55
283,17093,Kendall County,Illinois,2740,Female,60 to 64 years,2015,CMAP Region,60
284,17093,Kendall County,Illinois,2336,Female,65 to 69 years,2015,CMAP Region,65
285,17093,Kendall County,Illinois,1549,Female,70 to 74 years,2015,CMAP Region,70
286,17093,Kendall County,Illinois,976,Female,75 to 79 years,2015,CMAP Region,75
287,17093,Kendall County,Illinois,676,Female,80 to 84 years,2015,CMAP Region,80
288,17093,Kendall County,Illinois,759,Female,85 years and over,2015,CMAP Region,85
667,55059,Kenosha County,Wisconsin,4802,Female,0 to 4 years,2015,External WI,0
668,55059,Kenosha County,Wisconsin,5473,Female,5 to 9 years,2015,External WI,5
669,55059,Kenosha County,Wisconsin,5763,Female,10 to 14 years,2015,External WI,10
670,55059,Kenosha County,Wisconsin,6025,Female,15 to 19 years,2015,External WI,15
671,55059,Kenosha County,Wisconsin,5739,Female,20 to 24 years,2015,External WI,20
672,55059,Kenosha County,Wisconsin,5141,Female,25 to 29 years,2015,External WI,25
673,55059,Kenosha County,Wisconsin,5342,Female,30 to 34 years,2015,External WI,30
674,55059,Kenosha County,Wisconsin,5407,Female,35 to 39 years,2015,External WI,35
675,55059,Kenosha County,Wisconsin,5438,Female,40 to 44 years,2015,External WI,40
676,55059,Kenosha County,Wisconsin,5922,Female,45 to 49 years,2015,External WI,45
677,55059,Kenosha County,Wisconsin,6759,Female,50 to 54 years,2015,External WI,50
678,55059,Kenosha County,Wisconsin,6113,Female,55 to 59 years,2015,External WI,55
679,55059,Kenosha County,Wisconsin,4939,Female,60 to 64 years,2015,External WI,60
680,55059,Kenosha County,Wisconsin,3713,Female,65 to 69 years,2015,External WI,65
681,55059,Kenosha County,Wisconsin,2716,Female,70 to 74 years,2015,External WI,70
682,55059,Kenosha County,Wisconsin,2000,Female,75 to 79 years,2015,External WI,75
683,55059,Kenosha County,Wisconsin,1525,Female,80 to 84 years,2015,External WI,80
684,55059,Kenosha County,Wisconsin,2044,Female,85 years and over,2015,External WI,85
307,17097,Lake County,Illinois,20254,Female,0 to 4 years,2015,CMAP Region,0
559,18089,Lake County,Indiana,14740,Female,0 to 4 years,2015,External IN,0
308,17097,Lake County,Illinois,23711,Female,5 to 9 years,2015,CMAP Region,5
560,18089,Lake County,Indiana,15790,Female,5 to 9 years,2015,External IN,5
309,17097,Lake County,Illinois,25845,Female,10 to 14 years,2015,CMAP Region,10
561,18089,Lake County,Indiana,16788,Female,10 to 14 years,2015,External IN,10
310,17097,Lake County,Illinois,25928,Female,15 to 19 years,2015,CMAP Region,15
562,18089,Lake County,Indiana,16320,Female,15 to 19 years,2015,External IN,15
311,17097,Lake County,Illinois,23169,Female,20 to 24 years,2015,CMAP Region,20
563,18089,Lake County,Indiana,15894,Female,20 to 24 years,2015,External IN,20
312,17097,Lake County,Illinois,17777,Female,25 to 29 years,2015,CMAP Region,25
564,18089,Lake County,Indiana,14489,Female,25 to 29 years,2015,External IN,25
313,17097,Lake County,Illinois,19895,Female,30 to 34 years,2015,CMAP Region,30
565,18089,Lake County,Indiana,15855,Female,30 to 34 years,2015,External IN,30
314,17097,Lake County,Illinois,21918,Female,35 to 39 years,2015,CMAP Region,35
566,18089,Lake County,Indiana,15828,Female,35 to 39 years,2015,External IN,35
315,17097,Lake County,Illinois,23614,Female,40 to 44 years,2015,CMAP Region,40
567,18089,Lake County,Indiana,15646,Female,40 to 44 years,2015,External IN,40
316,17097,Lake County,Illinois,25928,Female,45 to 49 years,2015,CMAP Region,45
568,18089,Lake County,Indiana,15866,Female,45 to 49 years,2015,External IN,45
317,17097,Lake County,Illinois,28053,Female,50 to 54 years,2015,CMAP Region,50
569,18089,Lake County,Indiana,17629,Female,50 to 54 years,2015,External IN,50
318,17097,Lake County,Illinois,26173,Female,55 to 59 years,2015,CMAP Region,55
570,18089,Lake County,Indiana,18601,Female,55 to 59 years,2015,External IN,55
319,17097,Lake County,Illinois,20989,Female,60 to 64 years,2015,CMAP Region,60
571,18089,Lake County,Indiana,16001,Female,60 to 64 years,2015,External IN,60
320,17097,Lake County,Illinois,16335,Female,65 to 69 years,2015,CMAP Region,65
572,18089,Lake County,Indiana,13148,Female,65 to 69 years,2015,External IN,65
321,17097,Lake County,Illinois,11363,Female,70 to 74 years,2015,CMAP Region,70
573,18089,Lake County,Indiana,9614,Female,70 to 74 years,2015,External IN,70
322,17097,Lake County,Illinois,8031,Female,75 to 79 years,2015,CMAP Region,75
574,18089,Lake County,Indiana,7291,Female,75 to 79 years,2015,External IN,75
323,17097,Lake County,Illinois,5924,Female,80 to 84 years,2015,CMAP Region,80
575,18089,Lake County,Indiana,5604,Female,80 to 84 years,2015,External IN,80
324,17097,Lake County,Illinois,7818,Female,85 years and over,2015,CMAP Region,85
576,18089,Lake County,Indiana,6960,Female,85 years and over,2015,External IN,85
595,18091,LaPorte County,Indiana,3296,Female,0 to 4 years,2015,External IN,0
596,18091,LaPorte County,Indiana,3280,Female,5 to 9 years,2015,External IN,5
597,18091,LaPorte County,Indiana,3255,Female,10 to 14 years,2015,External IN,10
598,18091,LaPorte County,Indiana,3299,Female,15 to 19 years,2015,External IN,15
599,18091,LaPorte County,Indiana,3113,Female,20 to 24 years,2015,External IN,20
600,18091,LaPorte County,Indiana,2986,Female,25 to 29 years,2015,External IN,25
601,18091,LaPorte County,Indiana,3058,Female,30 to 34 years,2015,External IN,30
602,18091,LaPorte County,Indiana,3130,Female,35 to 39 years,2015,External IN,35
603,18091,LaPorte County,Indiana,3116,Female,40 to 44 years,2015,External IN,40
604,18091,LaPorte County,Indiana,3410,Female,45 to 49 years,2015,External IN,45
605,18091,LaPorte County,Indiana,3871,Female,50 to 54 years,2015,External IN,50
606,18091,LaPorte County,Indiana,4058,Female,55 to 59 years,2015,External IN,55
607,18091,LaPorte County,Indiana,3765,Female,60 to 64 years,2015,External IN,60
608,18091,LaPorte County,Indiana,3257,Female,65 to 69 years,2015,External IN,65
609,18091,LaPorte County,Indiana,2352,Female,70 to 74 years,2015,External IN,70
610,18091,LaPorte County,Indiana,1681,Female,75 to 79 years,2015,External IN,75
611,18091,LaPorte County,Indiana,1222,Female,80 to 84 years,2015,External IN,80
612,18091,LaPorte County,Indiana,1543,Female,85 years and over,2015,External IN,85
343,17099,LaSalle County,Illinois,3014,Female,0 to 4 years,2015,External IL,0
344,17099,LaSalle County,Illinois,3260,Female,5 to 9 years,2015,External IL,5
345,17099,LaSalle County,Illinois,3545,Female,10 to 14 years,2015,External IL,10
346,17099,LaSalle County,Illinois,3415,Female,15 to 19 years,2015,External IL,15
347,17099,LaSalle County,Illinois,2902,Female,20 to 24 years,2015,External IL,20
348,17099,LaSalle County,Illinois,3175,Female,25 to 29 years,2015,External IL,25
349,17099,LaSalle County,Illinois,3024,Female,30 to 34 years,2015,External IL,30
350,17099,LaSalle County,Illinois,3206,Female,35 to 39 years,2015,External IL,35
351,17099,LaSalle County,Illinois,3271,Female,40 to 44 years,2015,External IL,40
352,17099,LaSalle County,Illinois,3692,Female,45 to 49 years,2015,External IL,45
353,17099,LaSalle County,Illinois,3973,Female,50 to 54 years,2015,External IL,50
354,17099,LaSalle County,Illinois,3917,Female,55 to 59 years,2015,External IL,55
355,17099,LaSalle County,Illinois,3684,Female,60 to 64 years,2015,External IL,60
356,17099,LaSalle County,Illinois,3050,Female,65 to 69 years,2015,External IL,65
357,17099,LaSalle County,Illinois,2422,Female,70 to 74 years,2015,External IL,70
358,17099,LaSalle County,Illinois,2002,Female,75 to 79 years,2015,External IL,75
359,17099,LaSalle County,Illinois,1636,Female,80 to 84 years,2015,External IL,80
360,17099,LaSalle County,Illinois,2066,Female,85 years and over,2015,External IL,85
378,17103,Lee County,Illinois,96,Female,0 to 4 years,2015,External IL,0
379,17103,Lee County,Illinois,117,Female,5 to 9 years,2015,External IL,5
381,17103,Lee County,Illinois,119,Female,10 to 14 years,2015,External IL,10
382,17103,Lee County,Illinois,131,Female,15 to 19 years,2015,External IL,15
383,17103,Lee County,Illinois,81,Female,20 to 24 years,2015,External IL,20
384,17103,Lee County,Illinois,103,Female,25 to 29 years,2015,External IL,25
385,17103,Lee County,Illinois,92,Female,30 to 34 years,2015,External IL,30
386,17103,Lee County,Illinois,103,Female,35 to 39 years,2015,External IL,35
387,17103,Lee County,Illinois,118,Female,40 to 44 years,2015,External IL,40
388,17103,Lee County,Illinois,144,Female,45 to 49 years,2015,External IL,45
389,17103,Lee County,Illinois,142,Female,50 to 54 years,2015,External IL,50
390,17103,Lee County,Illinois,131,Female,55 to 59 years,2015,External IL,55
391,17103,Lee County,Illinois,123,Female,60 to 64 years,2015,External IL,60
392,17103,Lee County,Illinois,105,Female,65 to 69 years,2015,External IL,65
393,17103,Lee County,Illinois,93,Female,70 to 74 years,2015,External IL,70
394,17103,Lee County,Illinois,60,Female,75 to 79 years,2015,External IL,75
395,17103,Lee County,Illinois,42,Female,80 to 84 years,2015,External IL,80
396,17103,Lee County,Illinois,50,Female,85 years and over,2015,External IL,85
415,17111,McHenry County,Illinois,8257,Female,0 to 4 years,2015,CMAP Region,0
416,17111,McHenry County,Illinois,9991,Female,5 to 9 years,2015,CMAP Region,5
417,17111,McHenry County,Illinois,11300,Female,10 to 14 years,2015,CMAP Region,10
418,17111,McHenry County,Illinois,10886,Female,15 to 19 years,2015,CMAP Region,15
419,17111,McHenry County,Illinois,9291,Female,20 to 24 years,2015,CMAP Region,20
420,17111,McHenry County,Illinois,7563,Female,25 to 29 years,2015,CMAP Region,25
421,17111,McHenry County,Illinois,8683,Female,30 to 34 years,2015,CMAP Region,30
422,17111,McHenry County,Illinois,9466,Female,35 to 39 years,2015,CMAP Region,35
423,17111,McHenry County,Illinois,10675,Female,40 to 44 years,2015,CMAP Region,40
424,17111,McHenry County,Illinois,12345,Female,45 to 49 years,2015,CMAP Region,45
425,17111,McHenry County,Illinois,13044,Female,50 to 54 years,2015,CMAP Region,50
426,17111,McHenry County,Illinois,12011,Female,55 to 59 years,2015,CMAP Region,55
427,17111,McHenry County,Illinois,9191,Female,60 to 64 years,2015,CMAP Region,60
428,17111,McHenry County,Illinois,7498,Female,65 to 69 years,2015,CMAP Region,65
429,17111,McHenry County,Illinois,5491,Female,70 to 74 years,2015,CMAP Region,70
430,17111,McHenry County,Illinois,3480,Female,75 to 79 years,2015,CMAP Region,75
431,17111,McHenry County,Illinois,2387,Female,80 to 84 years,2015,CMAP Region,80
432,17111,McHenry County,Illinois,2836,Female,85 years and over,2015,CMAP Region,85
451,17141,Ogle County,Illinois,615,Female,0 to 4 years,2015,External IL,0
452,17141,Ogle County,Illinois,702,Female,5 to 9 years,2015,External IL,5
453,17141,Ogle County,Illinois,718,Female,10 to 14 years,2015,External IL,10
454,17141,Ogle County,Illinois,689,Female,15 to 19 years,2015,External IL,15
455,17141,Ogle County,Illinois,589,Female,20 to 24 years,2015,External IL,20
456,17141,Ogle County,Illinois,575,Female,25 to 29 years,2015,External IL,25
457,17141,Ogle County,Illinois,609,Female,30 to 34 years,2015,External IL,30
458,17141,Ogle County,Illinois,675,Female,35 to 39 years,2015,External IL,35
459,17141,Ogle County,Illinois,658,Female,40 to 44 years,2015,External IL,40
460,17141,Ogle County,Illinois,697,Female,45 to 49 years,2015,External IL,45
461,17141,Ogle County,Illinois,711,Female,50 to 54 years,2015,External IL,50
462,17141,Ogle County,Illinois,684,Female,55 to 59 years,2015,External IL,55
463,17141,Ogle County,Illinois,631,Female,60 to 64 years,2015,External IL,60
464,17141,Ogle County,Illinois,497,Female,65 to 69 years,2015,External IL,65
465,17141,Ogle County,Illinois,417,Female,70 to 74 years,2015,External IL,70
466,17141,Ogle County,Illinois,326,Female,75 to 79 years,2015,External IL,75
467,17141,Ogle County,Illinois,236,Female,80 to 84 years,2015,External IL,80
468,17141,Ogle County,Illinois,263,Female,85 years and over,2015,External IL,85
631,18127,Porter County,Indiana,4441,Female,0 to 4 years,2015,External IN,0
632,18127,Porter County,Indiana,5022,Female,5 to 9 years,2015,External IN,5
633,18127,Porter County,Indiana,5529,Female,10 to 14 years,2015,External IN,10
634,18127,Porter County,Indiana,5728,Female,15 to 19 years,2015,External IN,15
635,18127,Porter County,Indiana,5350,Female,20 to 24 years,2015,External IN,20
636,18127,Porter County,Indiana,4801,Female,25 to 29 years,2015,External IN,25
637,18127,Porter County,Indiana,5340,Female,30 to 34 years,2015,External IN,30
638,18127,Porter County,Indiana,5466,Female,35 to 39 years,2015,External IN,35
639,18127,Porter County,Indiana,5493,Female,40 to 44 years,2015,External IN,40
640,18127,Porter County,Indiana,5543,Female,45 to 49 years,2015,External IN,45
641,18127,Porter County,Indiana,6124,Female,50 to 54 years,2015,External IN,50
642,18127,Porter County,Indiana,6501,Female,55 to 59 years,2015,External IN,55
643,18127,Porter County,Indiana,5662,Female,60 to 64 years,2015,External IN,60
644,18127,Porter County,Indiana,4617,Female,65 to 69 years,2015,External IN,65
645,18127,Porter County,Indiana,3186,Female,70 to 74 years,2015,External IN,70
646,18127,Porter County,Indiana,2261,Female,75 to 79 years,2015,External IN,75
647,18127,Porter County,Indiana,1661,Female,80 to 84 years,2015,External IN,80
648,18127,Porter County,Indiana,2068,Female,85 years and over,2015,External IN,85
703,55101,Racine County,Wisconsin,5874,Female,0 to 4 years,2015,External WI,0
704,55101,Racine County,Wisconsin,6204,Female,5 to 9 years,2015,External WI,5
705,55101,Racine County,Wisconsin,6372,Female,10 to 14 years,2015,External WI,10
706,55101,Racine County,Wisconsin,6234,Female,15 to 19 years,2015,External WI,15
707,55101,Racine County,Wisconsin,5619,Female,20 to 24 years,2015,External WI,20
708,55101,Racine County,Wisconsin,5385,Female,25 to 29 years,2015,External WI,25
709,55101,Racine County,Wisconsin,6158,Female,30 to 34 years,2015,External WI,30
710,55101,Racine County,Wisconsin,5840,Female,35 to 39 years,2015,External WI,35
711,55101,Racine County,Wisconsin,5823,Female,40 to 44 years,2015,External WI,40
712,55101,Racine County,Wisconsin,6721,Female,45 to 49 years,2015,External WI,45
713,55101,Racine County,Wisconsin,7723,Female,50 to 54 years,2015,External WI,50
714,55101,Racine County,Wisconsin,7709,Female,55 to 59 years,2015,External WI,55
715,55101,Racine County,Wisconsin,6292,Female,60 to 64 years,2015,External WI,60
716,55101,Racine County,Wisconsin,5136,Female,65 to 69 years,2015,External WI,65
717,55101,Racine County,Wisconsin,3773,Female,70 to 74 years,2015,External WI,70
718,55101,Racine County,Wisconsin,2776,Female,75 to 79 years,2015,External WI,75
719,55101,Racine County,Wisconsin,2069,Female,80 to 84 years,2015,External WI,80
720,55101,Racine County,Wisconsin,2690,Female,85 years and over,2015,External WI,85
739,55127,Walworth County,Wisconsin,2639,Female,0 to 4 years,2015,External WI,0
740,55127,Walworth County,Wisconsin,3013,Female,5 to 9 years,2015,External WI,5
741,55127,Walworth County,Wisconsin,3260,Female,10 to 14 years,2015,External WI,10
742,55127,Walworth County,Wisconsin,3581,Female,15 to 19 years,2015,External WI,15
743,55127,Walworth County,Wisconsin,4780,Female,20 to 24 years,2015,External WI,20
744,55127,Walworth County,Wisconsin,2396,Female,25 to 29 years,2015,External WI,25
745,55127,Walworth County,Wisconsin,2768,Female,30 to 34 years,2015,External WI,30
746,55127,Walworth County,Wisconsin,2838,Female,35 to 39 years,2015,External WI,35
747,55127,Walworth County,Wisconsin,3008,Female,40 to 44 years,2015,External WI,40
748,55127,Walworth County,Wisconsin,3230,Female,45 to 49 years,2015,External WI,45
749,55127,Walworth County,Wisconsin,3868,Female,50 to 54 years,2015,External WI,50
750,55127,Walworth County,Wisconsin,3790,Female,55 to 59 years,2015,External WI,55
751,55127,Walworth County,Wisconsin,3368,Female,60 to 64 years,2015,External WI,60
752,55127,Walworth County,Wisconsin,2818,Female,65 to 69 years,2015,External WI,65
753,55127,Walworth County,Wisconsin,2015,Female,70 to 74 years,2015,External WI,70
754,55127,Walworth County,Wisconsin,1488,Female,75 to 79 years,2015,External WI,75
755,55127,Walworth County,Wisconsin,1024,Female,80 to 84 years,2015,External WI,80
756,55127,Walworth County,Wisconsin,1391,Female,85 years and over,2015,External WI,85
487,17197,Will County,Illinois,20077,Female,0 to 4 years,2015,CMAP Region,0
488,17197,Will County,Illinois,24241,Female,5 to 9 years,2015,CMAP Region,5
489,17197,Will County,Illinois,26758,Female,10 to 14 years,2015,CMAP Region,10
490,17197,Will County,Illinois,25231,Female,15 to 19 years,2015,CMAP Region,15
491,17197,Will County,Illinois,21685,Female,20 to 24 years,2015,CMAP Region,20
492,17197,Will County,Illinois,18144,Female,25 to 29 years,2015,CMAP Region,25
493,17197,Will County,Illinois,20861,Female,30 to 34 years,2015,CMAP Region,30
494,17197,Will County,Illinois,23652,Female,35 to 39 years,2015,CMAP Region,35
495,17197,Will County,Illinois,25726,Female,40 to 44 years,2015,CMAP Region,40
496,17197,Will County,Illinois,27014,Female,45 to 49 years,2015,CMAP Region,45
497,17197,Will County,Illinois,26055,Female,50 to 54 years,2015,CMAP Region,50
498,17197,Will County,Illinois,22984,Female,55 to 59 years,2015,CMAP Region,55
499,17197,Will County,Illinois,18309,Female,60 to 64 years,2015,CMAP Region,60
500,17197,Will County,Illinois,15310,Female,65 to 69 years,2015,CMAP Region,65
501,17197,Will County,Illinois,10657,Female,70 to 74 years,2015,CMAP Region,70
502,17197,Will County,Illinois,7459,Female,75 to 79 years,2015,CMAP Region,75
503,17197,Will County,Illinois,5149,Female,80 to 84 years,2015,CMAP Region,80
504,17197,Will County,Illinois,6099,Female,85 years and over,2015,CMAP Region,85
523,17201,Winnebago County,Illinois,8677,Female,0 to 4 years,2015,External IL,0
524,17201,Winnebago County,Illinois,9284,Female,5 to 9 years,2015,External IL,5
525,17201,Winnebago County,Illinois,9367,Female,10 to 14 years,2015,External IL,10
526,17201,Winnebago County,Illinois,9114,Female,15 to 19 years,2015,External IL,15
527,17201,Winnebago County,Illinois,9104,Female,20 to 24 years,2015,External IL,20
528,17201,Winnebago County,Illinois,9011,Female,25 to 29 years,2015,External IL,25
529,17201,Winnebago County,Illinois,9042,Female,30 to 34 years,2015,External IL,30
530,17201,Winnebago County,Illinois,8669,Female,35 to 39 years,2015,External IL,35
531,17201,Winnebago County,Illinois,8910,Female,40 to 44 years,2015,External IL,40
532,17201,Winnebago County,Illinois,9415,Female,45 to 49 years,2015,External IL,45
533,17201,Winnebago County,Illinois,10527,Female,50 to 54 years,2015,External IL,50
534,17201,Winnebago County,Illinois,10368,Female,55 to 59 years,2015,External IL,55
535,17201,Winnebago County,Illinois,9521,Female,60 to 64 years,2015,External IL,60
536,17201,Winnebago County,Illinois,7948,Female,65 to 69 years,2015,External IL,65
537,17201,Winnebago County,Illinois,5996,Female,70 to 74 years,2015,External IL,70
538,17201,Winnebago County,Illinois,4311,Female,75 to 79 years,2015,External IL,75
539,17201,Winnebago County,Illinois,3347,Female,80 to 84 years,2015,External IL,80
540,17201,Winnebago County,Illinois,4273,Female,85 years and over,2015,External IL,85
4,17007,Boone County,Illinois,1581,Male,0 to 4 years,2015,External IL,0
1,17007,Boone County,Illinois,1952,Male,5 to 9 years,2015,External IL,5
2,17007,Boone County,Illinois,2166,Male,10 to 14 years,2015,External IL,10
3,17007,Boone County,Illinois,2153,Male,15 to 19 years,2015,External IL,15
5,17007,Boone County,Illinois,1785,Male,20 to 24 years,2015,External IL,20
6,17007,Boone County,Illinois,1425,Male,25 to 29 years,2015,External IL,25
7,17007,Boone County,Illinois,1374,Male,30 to 34 years,2015,External IL,30
8,17007,Boone County,Illinois,1598,Male,35 to 39 years,2015,External IL,35
10,17007,Boone County,Illinois,1905,Male,40 to 44 years,2015,External IL,40
9,17007,Boone County,Illinois,1952,Male,45 to 49 years,2015,External IL,45
11,17007,Boone County,Illinois,2063,Male,50 to 54 years,2015,External IL,50
12,17007,Boone County,Illinois,1743,Male,55 to 59 years,2015,External IL,55
15,17007,Boone County,Illinois,1510,Male,60 to 64 years,2015,External IL,60
13,17007,Boone County,Illinois,1223,Male,65 to 69 years,2015,External IL,65
14,17007,Boone County,Illinois,984,Male,70 to 74 years,2015,External IL,70
16,17007,Boone County,Illinois,639,Male,75 to 79 years,2015,External IL,75
17,17007,Boone County,Illinois,390,Male,80 to 84 years,2015,External IL,80
18,17007,Boone County,Illinois,290,Male,85 years and over,2015,External IL,85
37,17031,Cook County,Illinois,170331,Male,0 to 4 years,2015,CMAP Region,0
38,17031,Cook County,Illinois,164917,Male,5 to 9 years,2015,CMAP Region,5
41,17031,Cook County,Illinois,163572,Male,10 to 14 years,2015,CMAP Region,10
39,17031,Cook County,Illinois,162707,Male,15 to 19 years,2015,CMAP Region,15
40,17031,Cook County,Illinois,178711,Male,20 to 24 years,2015,CMAP Region,20
45,17031,Cook County,Illinois,217830,Male,25 to 29 years,2015,CMAP Region,25
42,17031,Cook County,Illinois,207642,Male,30 to 34 years,2015,CMAP Region,30
43,17031,Cook County,Illinois,182735,Male,35 to 39 years,2015,CMAP Region,35
44,17031,Cook County,Illinois,168058,Male,40 to 44 years,2015,CMAP Region,40
46,17031,Cook County,Illinois,164061,Male,45 to 49 years,2015,CMAP Region,45
47,17031,Cook County,Illinois,167116,Male,50 to 54 years,2015,CMAP Region,50
48,17031,Cook County,Illinois,163578,Male,55 to 59 years,2015,CMAP Region,55
49,17031,Cook County,Illinois,136354,Male,60 to 64 years,2015,CMAP Region,60
51,17031,Cook County,Illinois,107099,Male,65 to 69 years,2015,CMAP Region,65
50,17031,Cook County,Illinois,71444,Male,70 to 74 years,2015,CMAP Region,70
52,17031,Cook County,Illinois,49428,Male,75 to 79 years,2015,CMAP Region,75
53,17031,Cook County,Illinois,34061,Male,80 to 84 years,2015,CMAP Region,80
54,17031,Cook County,Illinois,33286,Male,85 years and over,2015,CMAP Region,85
73,17037,DeKalb County,Illinois,3190,Male,0 to 4 years,2015,External IL,0
74,17037,DeKalb County,Illinois,3173,Male,5 to 9 years,2015,External IL,5
75,17037,DeKalb County,Illinois,3269,Male,10 to 14 years,2015,External IL,10
79,17037,DeKalb County,Illinois,4591,Male,15 to 19 years,2015,External IL,15
76,17037,DeKalb County,Illinois,7638,Male,20 to 24 years,2015,External IL,20
77,17037,DeKalb County,Illinois,3929,Male,25 to 29 years,2015,External IL,25
78,17037,DeKalb County,Illinois,3299,Male,30 to 34 years,2015,External IL,30
80,17037,DeKalb County,Illinois,3083,Male,35 to 39 years,2015,External IL,35
81,17037,DeKalb County,Illinois,2773,Male,40 to 44 years,2015,External IL,40
82,17037,DeKalb County,Illinois,2900,Male,45 to 49 years,2015,External IL,45
83,17037,DeKalb County,Illinois,3046,Male,50 to 54 years,2015,External IL,50
85,17037,DeKalb County,Illinois,3046,Male,55 to 59 years,2015,External IL,55
84,17037,DeKalb County,Illinois,2485,Male,60 to 64 years,2015,External IL,60
86,17037,DeKalb County,Illinois,1928,Male,65 to 69 years,2015,External IL,65
87,17037,DeKalb County,Illinois,1323,Male,70 to 74 years,2015,External IL,70
89,17037,DeKalb County,Illinois,897,Male,75 to 79 years,2015,External IL,75
88,17037,DeKalb County,Illinois,602,Male,80 to 84 years,2015,External IL,80
90,17037,DeKalb County,Illinois,563,Male,85 years and over,2015,External IL,85
109,17043,DuPage County,Illinois,28246,Male,0 to 4 years,2015,CMAP Region,0
110,17043,DuPage County,Illinois,30259,Male,5 to 9 years,2015,CMAP Region,5
111,17043,DuPage County,Illinois,32155,Male,10 to 14 years,2015,CMAP Region,10
113,17043,DuPage County,Illinois,32354,Male,15 to 19 years,2015,CMAP Region,15
112,17043,DuPage County,Illinois,30385,Male,20 to 24 years,2015,CMAP Region,20
114,17043,DuPage County,Illinois,29554,Male,25 to 29 years,2015,CMAP Region,25
115,17043,DuPage County,Illinois,30796,Male,30 to 34 years,2015,CMAP Region,30
118,17043,DuPage County,Illinois,30243,Male,35 to 39 years,2015,CMAP Region,35
116,17043,DuPage County,Illinois,29307,Male,40 to 44 years,2015,CMAP Region,40
117,17043,DuPage County,Illinois,31627,Male,45 to 49 years,2015,CMAP Region,45
119,17043,DuPage County,Illinois,34333,Male,50 to 54 years,2015,CMAP Region,50
123,17043,DuPage County,Illinois,33750,Male,55 to 59 years,2015,CMAP Region,55
120,17043,DuPage County,Illinois,28188,Male,60 to 64 years,2015,CMAP Region,60
121,17043,DuPage County,Illinois,21729,Male,65 to 69 years,2015,CMAP Region,65
122,17043,DuPage County,Illinois,14356,Male,70 to 74 years,2015,CMAP Region,70
127,17043,DuPage County,Illinois,9118,Male,75 to 79 years,2015,CMAP Region,75
124,17043,DuPage County,Illinois,5870,Male,80 to 84 years,2015,CMAP Region,80
125,17043,DuPage County,Illinois,5814,Male,85 years and over,2015,CMAP Region,85
158,17063,Grundy County,Illinois,1666,Male,0 to 4 years,2015,External IL,0
145,17063,Grundy County,Illinois,1880,Male,5 to 9 years,2015,External IL,5
146,17063,Grundy County,Illinois,2047,Male,10 to 14 years,2015,External IL,10
147,17063,Grundy County,Illinois,1740,Male,15 to 19 years,2015,External IL,15
148,17063,Grundy County,Illinois,1518,Male,20 to 24 years,2015,External IL,20
159,17063,Grundy County,Illinois,1473,Male,25 to 29 years,2015,External IL,25
149,17063,Grundy County,Illinois,1667,Male,30 to 34 years,2015,External IL,30
150,17063,Grundy County,Illinois,1795,Male,35 to 39 years,2015,External IL,35
151,17063,Grundy County,Illinois,1706,Male,40 to 44 years,2015,External IL,40
160,17063,Grundy County,Illinois,1783,Male,45 to 49 years,2015,External IL,45
152,17063,Grundy County,Illinois,1834,Male,50 to 54 years,2015,External IL,50
153,17063,Grundy County,Illinois,1702,Male,55 to 59 years,2015,External IL,55
154,17063,Grundy County,Illinois,1372,Male,60 to 64 years,2015,External IL,60
161,17063,Grundy County,Illinois,1127,Male,65 to 69 years,2015,External IL,65
155,17063,Grundy County,Illinois,750,Male,70 to 74 years,2015,External IL,70
156,17063,Grundy County,Illinois,530,Male,75 to 79 years,2015,External IL,75
157,17063,Grundy County,Illinois,272,Male,80 to 84 years,2015,External IL,80
162,17063,Grundy County,Illinois,237,Male,85 years and over,2015,External IL,85
181,17089,Kane County,Illinois,17595,Male,0 to 4 years,2015,CMAP Region,0
182,17089,Kane County,Illinois,20047,Male,5 to 9 years,2015,CMAP Region,5
187,17089,Kane County,Illinois,21436,Male,10 to 14 years,2015,CMAP Region,10
183,17089,Kane County,Illinois,20127,Male,15 to 19 years,2015,CMAP Region,15
184,17089,Kane County,Illinois,17378,Male,20 to 24 years,2015,CMAP Region,20
185,17089,Kane County,Illinois,15454,Male,25 to 29 years,2015,CMAP Region,25
188,17089,Kane County,Illinois,17067,Male,30 to 34 years,2015,CMAP Region,30
186,17089,Kane County,Illinois,18048,Male,35 to 39 years,2015,CMAP Region,35
189,17089,Kane County,Illinois,18319,Male,40 to 44 years,2015,CMAP Region,40
190,17089,Kane County,Illinois,18935,Male,45 to 49 years,2015,CMAP Region,45
191,17089,Kane County,Illinois,19039,Male,50 to 54 years,2015,CMAP Region,50
192,17089,Kane County,Illinois,17081,Male,55 to 59 years,2015,CMAP Region,55
193,17089,Kane County,Illinois,13976,Male,60 to 64 years,2015,CMAP Region,60
194,17089,Kane County,Illinois,10911,Male,65 to 69 years,2015,CMAP Region,65
195,17089,Kane County,Illinois,7167,Male,70 to 74 years,2015,CMAP Region,70
197,17089,Kane County,Illinois,4773,Male,75 to 79 years,2015,CMAP Region,75
196,17089,Kane County,Illinois,2931,Male,80 to 84 years,2015,CMAP Region,80
198,17089,Kane County,Illinois,2616,Male,85 years and over,2015,CMAP Region,85
217,17091,Kankakee County,Illinois,3371,Male,0 to 4 years,2015,External IL,0
230,17091,Kankakee County,Illinois,3733,Male,5 to 9 years,2015,External IL,5
218,17091,Kankakee County,Illinois,4001,Male,10 to 14 years,2015,External IL,10
219,17091,Kankakee County,Illinois,4203,Male,15 to 19 years,2015,External IL,15
220,17091,Kankakee County,Illinois,4404,Male,20 to 24 years,2015,External IL,20
231,17091,Kankakee County,Illinois,3405,Male,25 to 29 years,2015,External IL,25
221,17091,Kankakee County,Illinois,3283,Male,30 to 34 years,2015,External IL,30
222,17091,Kankakee County,Illinois,3271,Male,35 to 39 years,2015,External IL,35
223,17091,Kankakee County,Illinois,3316,Male,40 to 44 years,2015,External IL,40
232,17091,Kankakee County,Illinois,3386,Male,45 to 49 years,2015,External IL,45
224,17091,Kankakee County,Illinois,3822,Male,50 to 54 years,2015,External IL,50
225,17091,Kankakee County,Illinois,3747,Male,55 to 59 years,2015,External IL,55
226,17091,Kankakee County,Illinois,3375,Male,60 to 64 years,2015,External IL,60
233,17091,Kankakee County,Illinois,2554,Male,65 to 69 years,2015,External IL,65
227,17091,Kankakee County,Illinois,1918,Male,70 to 74 years,2015,External IL,70
228,17091,Kankakee County,Illinois,1254,Male,75 to 79 years,2015,External IL,75
229,17091,Kankakee County,Illinois,927,Male,80 to 84 years,2015,External IL,80
234,17091,Kankakee County,Illinois,936,Male,85 years and over,2015,External IL,85
253,17093,Kendall County,Illinois,4653,Male,0 to 4 years,2015,CMAP Region,0
257,17093,Kendall County,Illinois,5370,Male,5 to 9 years,2015,CMAP Region,5
254,17093,Kendall County,Illinois,5610,Male,10 to 14 years,2015,CMAP Region,10
255,17093,Kendall County,Illinois,4623,Male,15 to 19 years,2015,CMAP Region,15
256,17093,Kendall County,Illinois,3381,Male,20 to 24 years,2015,CMAP Region,20
261,17093,Kendall County,Illinois,3379,Male,25 to 29 years,2015,CMAP Region,25
258,17093,Kendall County,Illinois,4535,Male,30 to 34 years,2015,CMAP Region,30
259,17093,Kendall County,Illinois,4821,Male,35 to 39 years,2015,CMAP Region,35
260,17093,Kendall County,Illinois,5089,Male,40 to 44 years,2015,CMAP Region,40
262,17093,Kendall County,Illinois,4664,Male,45 to 49 years,2015,CMAP Region,45
263,17093,Kendall County,Illinois,4007,Male,50 to 54 years,2015,CMAP Region,50
264,17093,Kendall County,Illinois,3169,Male,55 to 59 years,2015,CMAP Region,55
265,17093,Kendall County,Illinois,2459,Male,60 to 64 years,2015,CMAP Region,60
268,17093,Kendall County,Illinois,1996,Male,65 to 69 years,2015,CMAP Region,65
266,17093,Kendall County,Illinois,1432,Male,70 to 74 years,2015,CMAP Region,70
267,17093,Kendall County,Illinois,785,Male,75 to 79 years,2015,CMAP Region,75
269,17093,Kendall County,Illinois,472,Male,80 to 84 years,2015,CMAP Region,80
270,17093,Kendall County,Illinois,388,Male,85 years and over,2015,CMAP Region,85
649,55059,Kenosha County,Wisconsin,5118,Male,0 to 4 years,2015,External WI,0
650,55059,Kenosha County,Wisconsin,5562,Male,5 to 9 years,2015,External WI,5
652,55059,Kenosha County,Wisconsin,6017,Male,10 to 14 years,2015,External WI,10
651,55059,Kenosha County,Wisconsin,6466,Male,15 to 19 years,2015,External WI,15
653,55059,Kenosha County,Wisconsin,5816,Male,20 to 24 years,2015,External WI,20
654,55059,Kenosha County,Wisconsin,5482,Male,25 to 29 years,2015,External WI,25
657,55059,Kenosha County,Wisconsin,5217,Male,30 to 34 years,2015,External WI,30
655,55059,Kenosha County,Wisconsin,5211,Male,35 to 39 years,2015,External WI,35
656,55059,Kenosha County,Wisconsin,5376,Male,40 to 44 years,2015,External WI,40
658,55059,Kenosha County,Wisconsin,5849,Male,45 to 49 years,2015,External WI,45
659,55059,Kenosha County,Wisconsin,6676,Male,50 to 54 years,2015,External WI,50
662,55059,Kenosha County,Wisconsin,6015,Male,55 to 59 years,2015,External WI,55
660,55059,Kenosha County,Wisconsin,4782,Male,60 to 64 years,2015,External WI,60
661,55059,Kenosha County,Wisconsin,3511,Male,65 to 69 years,2015,External WI,65
663,55059,Kenosha County,Wisconsin,2273,Male,70 to 74 years,2015,External WI,70
665,55059,Kenosha County,Wisconsin,1631,Male,75 to 79 years,2015,External WI,75
664,55059,Kenosha County,Wisconsin,1055,Male,80 to 84 years,2015,External WI,80
666,55059,Kenosha County,Wisconsin,992,Male,85 years and over,2015,External WI,85
291,17097,Lake County,Illinois,21422,Male,0 to 4 years,2015,CMAP Region,0
544,18089,Lake County,Indiana,15342,Male,0 to 4 years,2015,External IN,0
289,17097,Lake County,Illinois,24821,Male,5 to 9 years,2015,CMAP Region,5
541,18089,Lake County,Indiana,16542,Male,5 to 9 years,2015,External IN,5
290,17097,Lake County,Illinois,27137,Male,10 to 14 years,2015,CMAP Region,10
542,18089,Lake County,Indiana,17402,Male,10 to 14 years,2015,External IN,10
292,17097,Lake County,Illinois,29379,Male,15 to 19 years,2015,CMAP Region,15
543,18089,Lake County,Indiana,16855,Male,15 to 19 years,2015,External IN,15
296,17097,Lake County,Illinois,28041,Male,20 to 24 years,2015,CMAP Region,20
549,18089,Lake County,Indiana,16329,Male,20 to 24 years,2015,External IN,20
293,17097,Lake County,Illinois,19601,Male,25 to 29 years,2015,CMAP Region,25
545,18089,Lake County,Indiana,14135,Male,25 to 29 years,2015,External IN,25
294,17097,Lake County,Illinois,19962,Male,30 to 34 years,2015,CMAP Region,30
546,18089,Lake County,Indiana,14871,Male,30 to 34 years,2015,External IN,30
295,17097,Lake County,Illinois,21242,Male,35 to 39 years,2015,CMAP Region,35
547,18089,Lake County,Indiana,14813,Male,35 to 39 years,2015,External IN,35
297,17097,Lake County,Illinois,22771,Male,40 to 44 years,2015,CMAP Region,40
548,18089,Lake County,Indiana,14619,Male,40 to 44 years,2015,External IN,40
301,17097,Lake County,Illinois,24977,Male,45 to 49 years,2015,CMAP Region,45
553,18089,Lake County,Indiana,14839,Male,45 to 49 years,2015,External IN,45
298,17097,Lake County,Illinois,26971,Male,50 to 54 years,2015,CMAP Region,50
550,18089,Lake County,Indiana,16405,Male,50 to 54 years,2015,External IN,50
299,17097,Lake County,Illinois,25341,Male,55 to 59 years,2015,CMAP Region,55
551,18089,Lake County,Indiana,17265,Male,55 to 59 years,2015,External IN,55
300,17097,Lake County,Illinois,19966,Male,60 to 64 years,2015,CMAP Region,60
552,18089,Lake County,Indiana,14776,Male,60 to 64 years,2015,External IN,60
305,17097,Lake County,Illinois,15282,Male,65 to 69 years,2015,CMAP Region,65
557,18089,Lake County,Indiana,11522,Male,65 to 69 years,2015,External IN,65
302,17097,Lake County,Illinois,10108,Male,70 to 74 years,2015,CMAP Region,70
554,18089,Lake County,Indiana,7616,Male,70 to 74 years,2015,External IN,70
303,17097,Lake County,Illinois,6386,Male,75 to 79 years,2015,CMAP Region,75
555,18089,Lake County,Indiana,5296,Male,75 to 79 years,2015,External IN,75
304,17097,Lake County,Illinois,4263,Male,80 to 84 years,2015,CMAP Region,80
556,18089,Lake County,Indiana,3825,Male,80 to 84 years,2015,External IN,80
306,17097,Lake County,Illinois,4216,Male,85 years and over,2015,CMAP Region,85
558,18089,Lake County,Indiana,3392,Male,85 years and over,2015,External IN,85
577,18091,LaPorte County,Indiana,3293,Male,0 to 4 years,2015,External IN,0
578,18091,LaPorte County,Indiana,3349,Male,5 to 9 years,2015,External IN,5
579,18091,LaPorte County,Indiana,3371,Male,10 to 14 years,2015,External IN,10
590,18091,LaPorte County,Indiana,3531,Male,15 to 19 years,2015,External IN,15
580,18091,LaPorte County,Indiana,4078,Male,20 to 24 years,2015,External IN,20
581,18091,LaPorte County,Indiana,4108,Male,25 to 29 years,2015,External IN,25
582,18091,LaPorte County,Indiana,4068,Male,30 to 34 years,2015,External IN,30
591,18091,LaPorte County,Indiana,3798,Male,35 to 39 years,2015,External IN,35
583,18091,LaPorte County,Indiana,3762,Male,40 to 44 years,2015,External IN,40
584,18091,LaPorte County,Indiana,3844,Male,45 to 49 years,2015,External IN,45
585,18091,LaPorte County,Indiana,4039,Male,50 to 54 years,2015,External IN,50
586,18091,LaPorte County,Indiana,4171,Male,55 to 59 years,2015,External IN,55
592,18091,LaPorte County,Indiana,3701,Male,60 to 64 years,2015,External IN,60
587,18091,LaPorte County,Indiana,2985,Male,65 to 69 years,2015,External IN,65
588,18091,LaPorte County,Indiana,2087,Male,70 to 74 years,2015,External IN,70
589,18091,LaPorte County,Indiana,1350,Male,75 to 79 years,2015,External IN,75
593,18091,LaPorte County,Indiana,863,Male,80 to 84 years,2015,External IN,80
594,18091,LaPorte County,Indiana,745,Male,85 years and over,2015,External IN,85
326,17099,LaSalle County,Illinois,3200,Male,0 to 4 years,2015,External IL,0
325,17099,LaSalle County,Illinois,3469,Male,5 to 9 years,2015,External IL,5
327,17099,LaSalle County,Illinois,3555,Male,10 to 14 years,2015,External IL,10
328,17099,LaSalle County,Illinois,3699,Male,15 to 19 years,2015,External IL,15
331,17099,LaSalle County,Illinois,3432,Male,20 to 24 years,2015,External IL,20
329,17099,LaSalle County,Illinois,3569,Male,25 to 29 years,2015,External IL,25
330,17099,LaSalle County,Illinois,3414,Male,30 to 34 years,2015,External IL,30
332,17099,LaSalle County,Illinois,3413,Male,35 to 39 years,2015,External IL,35
336,17099,LaSalle County,Illinois,3529,Male,40 to 44 years,2015,External IL,40
333,17099,LaSalle County,Illinois,3834,Male,45 to 49 years,2015,External IL,45
334,17099,LaSalle County,Illinois,4037,Male,50 to 54 years,2015,External IL,50
335,17099,LaSalle County,Illinois,4084,Male,55 to 59 years,2015,External IL,55
340,17099,LaSalle County,Illinois,3612,Male,60 to 64 years,2015,External IL,60
337,17099,LaSalle County,Illinois,2895,Male,65 to 69 years,2015,External IL,65
338,17099,LaSalle County,Illinois,2176,Male,70 to 74 years,2015,External IL,70
339,17099,LaSalle County,Illinois,1560,Male,75 to 79 years,2015,External IL,75
341,17099,LaSalle County,Illinois,1176,Male,80 to 84 years,2015,External IL,80
342,17099,LaSalle County,Illinois,1029,Male,85 years and over,2015,External IL,85
361,17103,Lee County,Illinois,108,Male,0 to 4 years,2015,External IL,0
362,17103,Lee County,Illinois,112,Male,5 to 9 years,2015,External IL,5
363,17103,Lee County,Illinois,133,Male,10 to 14 years,2015,External IL,10
366,17103,Lee County,Illinois,139,Male,15 to 19 years,2015,External IL,15
364,17103,Lee County,Illinois,112,Male,20 to 24 years,2015,External IL,20
365,17103,Lee County,Illinois,112,Male,25 to 29 years,2015,External IL,25
367,17103,Lee County,Illinois,121,Male,30 to 34 years,2015,External IL,30
368,17103,Lee County,Illinois,126,Male,35 to 39 years,2015,External IL,35
371,17103,Lee County,Illinois,134,Male,40 to 44 years,2015,External IL,40
369,17103,Lee County,Illinois,154,Male,45 to 49 years,2015,External IL,45
370,17103,Lee County,Illinois,162,Male,50 to 54 years,2015,External IL,50
372,17103,Lee County,Illinois,146,Male,55 to 59 years,2015,External IL,55
376,17103,Lee County,Illinois,137,Male,60 to 64 years,2015,External IL,60
373,17103,Lee County,Illinois,107,Male,65 to 69 years,2015,External IL,65
374,17103,Lee County,Illinois,95,Male,70 to 74 years,2015,External IL,70
375,17103,Lee County,Illinois,56,Male,75 to 79 years,2015,External IL,75
380,17103,Lee County,Illinois,37,Male,80 to 84 years,2015,External IL,80
377,17103,Lee County,Illinois,28,Male,85 years and over,2015,External IL,85
397,17111,McHenry County,Illinois,8798,Male,0 to 4 years,2015,CMAP Region,0
398,17111,McHenry County,Illinois,10402,Male,5 to 9 years,2015,CMAP Region,5
399,17111,McHenry County,Illinois,11922,Male,10 to 14 years,2015,CMAP Region,10
403,17111,McHenry County,Illinois,11625,Male,15 to 19 years,2015,CMAP Region,15
400,17111,McHenry County,Illinois,9791,Male,20 to 24 years,2015,CMAP Region,20
401,17111,McHenry County,Illinois,8224,Male,25 to 29 years,2015,CMAP Region,25
402,17111,McHenry County,Illinois,8772,Male,30 to 34 years,2015,CMAP Region,30
404,17111,McHenry County,Illinois,9428,Male,35 to 39 years,2015,CMAP Region,35
405,17111,McHenry County,Illinois,10324,Male,40 to 44 years,2015,CMAP Region,40
406,17111,McHenry County,Illinois,11992,Male,45 to 49 years,2015,CMAP Region,45
407,17111,McHenry County,Illinois,12998,Male,50 to 54 years,2015,CMAP Region,50
409,17111,McHenry County,Illinois,11823,Male,55 to 59 years,2015,CMAP Region,55
408,17111,McHenry County,Illinois,9142,Male,60 to 64 years,2015,CMAP Region,60
410,17111,McHenry County,Illinois,6938,Male,65 to 69 years,2015,CMAP Region,65
411,17111,McHenry County,Illinois,4822,Male,70 to 74 years,2015,CMAP Region,70
413,17111,McHenry County,Illinois,2926,Male,75 to 79 years,2015,CMAP Region,75
412,17111,McHenry County,Illinois,1823,Male,80 to 84 years,2015,CMAP Region,80
414,17111,McHenry County,Illinois,1427,Male,85 years and over,2015,CMAP Region,85
433,17141,Ogle County,Illinois,673,Male,0 to 4 years,2015,External IL,0
437,17141,Ogle County,Illinois,713,Male,5 to 9 years,2015,External IL,5
434,17141,Ogle County,Illinois,748,Male,10 to 14 years,2015,External IL,10
435,17141,Ogle County,Illinois,730,Male,15 to 19 years,2015,External IL,15
436,17141,Ogle County,Illinois,585,Male,20 to 24 years,2015,External IL,20
441,17141,Ogle County,Illinois,616,Male,25 to 29 years,2015,External IL,25
438,17141,Ogle County,Illinois,596,Male,30 to 34 years,2015,External IL,30
439,17141,Ogle County,Illinois,665,Male,35 to 39 years,2015,External IL,35
440,17141,Ogle County,Illinois,676,Male,40 to 44 years,2015,External IL,40
442,17141,Ogle County,Illinois,715,Male,45 to 49 years,2015,External IL,45
443,17141,Ogle County,Illinois,697,Male,50 to 54 years,2015,External IL,50
444,17141,Ogle County,Illinois,700,Male,55 to 59 years,2015,External IL,55
445,17141,Ogle County,Illinois,597,Male,60 to 64 years,2015,External IL,60
446,17141,Ogle County,Illinois,493,Male,65 to 69 years,2015,External IL,65
447,17141,Ogle County,Illinois,374,Male,70 to 74 years,2015,External IL,70
448,17141,Ogle County,Illinois,289,Male,75 to 79 years,2015,External IL,75
449,17141,Ogle County,Illinois,186,Male,80 to 84 years,2015,External IL,80
450,17141,Ogle County,Illinois,139,Male,85 years and over,2015,External IL,85
626,18127,Porter County,Indiana,4714,Male,0 to 4 years,2015,External IN,0
613,18127,Porter County,Indiana,5172,Male,5 to 9 years,2015,External IN,5
614,18127,Porter County,Indiana,5913,Male,10 to 14 years,2015,External IN,10
615,18127,Porter County,Indiana,5949,Male,15 to 19 years,2015,External IN,15
616,18127,Porter County,Indiana,5674,Male,20 to 24 years,2015,External IN,20
627,18127,Porter County,Indiana,5030,Male,25 to 29 years,2015,External IN,25
617,18127,Porter County,Indiana,5319,Male,30 to 34 years,2015,External IN,30
618,18127,Porter County,Indiana,5320,Male,35 to 39 years,2015,External IN,35
619,18127,Porter County,Indiana,5466,Male,40 to 44 years,2015,External IN,40
628,18127,Porter County,Indiana,5399,Male,45 to 49 years,2015,External IN,45
620,18127,Porter County,Indiana,5749,Male,50 to 54 years,2015,External IN,50
621,18127,Porter County,Indiana,6134,Male,55 to 59 years,2015,External IN,55
622,18127,Porter County,Indiana,5568,Male,60 to 64 years,2015,External IN,60
629,18127,Porter County,Indiana,4391,Male,65 to 69 years,2015,External IN,65
623,18127,Porter County,Indiana,2839,Male,70 to 74 years,2015,External IN,70
624,18127,Porter County,Indiana,1764,Male,75 to 79 years,2015,External IN,75
625,18127,Porter County,Indiana,1174,Male,80 to 84 years,2015,External IN,80
630,18127,Porter County,Indiana,966,Male,85 years and over,2015,External IN,85
685,55101,Racine County,Wisconsin,6135,Male,0 to 4 years,2015,External WI,0
698,55101,Racine County,Wisconsin,6532,Male,5 to 9 years,2015,External WI,5
686,55101,Racine County,Wisconsin,6707,Male,10 to 14 years,2015,External WI,10
687,55101,Racine County,Wisconsin,6576,Male,15 to 19 years,2015,External WI,15
688,55101,Racine County,Wisconsin,6335,Male,20 to 24 years,2015,External WI,20
699,55101,Racine County,Wisconsin,5637,Male,25 to 29 years,2015,External WI,25
689,55101,Racine County,Wisconsin,5902,Male,30 to 34 years,2015,External WI,30
690,55101,Racine County,Wisconsin,5877,Male,35 to 39 years,2015,External WI,35
691,55101,Racine County,Wisconsin,5813,Male,40 to 44 years,2015,External WI,40
700,55101,Racine County,Wisconsin,6573,Male,45 to 49 years,2015,External WI,45
692,55101,Racine County,Wisconsin,7548,Male,50 to 54 years,2015,External WI,50
693,55101,Racine County,Wisconsin,7374,Male,55 to 59 years,2015,External WI,55
694,55101,Racine County,Wisconsin,6139,Male,60 to 64 years,2015,External WI,60
701,55101,Racine County,Wisconsin,4800,Male,65 to 69 years,2015,External WI,65
695,55101,Racine County,Wisconsin,3169,Male,70 to 74 years,2015,External WI,70
696,55101,Racine County,Wisconsin,2282,Male,75 to 79 years,2015,External WI,75
697,55101,Racine County,Wisconsin,1459,Male,80 to 84 years,2015,External WI,80
702,55101,Racine County,Wisconsin,1416,Male,85 years and over,2015,External WI,85
721,55127,Walworth County,Wisconsin,2730,Male,0 to 4 years,2015,External WI,0
722,55127,Walworth County,Wisconsin,3137,Male,5 to 9 years,2015,External WI,5
734,55127,Walworth County,Wisconsin,3526,Male,10 to 14 years,2015,External WI,10
723,55127,Walworth County,Wisconsin,3943,Male,15 to 19 years,2015,External WI,15
724,55127,Walworth County,Wisconsin,4857,Male,20 to 24 years,2015,External WI,20
725,55127,Walworth County,Wisconsin,2792,Male,25 to 29 years,2015,External WI,25
735,55127,Walworth County,Wisconsin,2781,Male,30 to 34 years,2015,External WI,30
726,55127,Walworth County,Wisconsin,2800,Male,35 to 39 years,2015,External WI,35
727,55127,Walworth County,Wisconsin,2917,Male,40 to 44 years,2015,External WI,40
728,55127,Walworth County,Wisconsin,3282,Male,45 to 49 years,2015,External WI,45
736,55127,Walworth County,Wisconsin,3804,Male,50 to 54 years,2015,External WI,50
729,55127,Walworth County,Wisconsin,3804,Male,55 to 59 years,2015,External WI,55
730,55127,Walworth County,Wisconsin,3374,Male,60 to 64 years,2015,External WI,60
731,55127,Walworth County,Wisconsin,2760,Male,65 to 69 years,2015,External WI,65
737,55127,Walworth County,Wisconsin,1946,Male,70 to 74 years,2015,External WI,70
732,55127,Walworth County,Wisconsin,1180,Male,75 to 79 years,2015,External WI,75
733,55127,Walworth County,Wisconsin,798,Male,80 to 84 years,2015,External WI,80
738,55127,Walworth County,Wisconsin,769,Male,85 years and over,2015,External WI,85
469,17197,Will County,Illinois,21113,Male,0 to 4 years,2015,CMAP Region,0
470,17197,Will County,Illinois,25029,Male,5 to 9 years,2015,CMAP Region,5
475,17197,Will County,Illinois,28189,Male,10 to 14 years,2015,CMAP Region,10
471,17197,Will County,Illinois,27334,Male,15 to 19 years,2015,CMAP Region,15
472,17197,Will County,Illinois,23013,Male,20 to 24 years,2015,CMAP Region,20
473,17197,Will County,Illinois,19217,Male,25 to 29 years,2015,CMAP Region,25
476,17197,Will County,Illinois,20504,Male,30 to 34 years,2015,CMAP Region,30
474,17197,Will County,Illinois,22513,Male,35 to 39 years,2015,CMAP Region,35
477,17197,Will County,Illinois,25117,Male,40 to 44 years,2015,CMAP Region,40
478,17197,Will County,Illinois,26417,Male,45 to 49 years,2015,CMAP Region,45
481,17197,Will County,Illinois,26186,Male,50 to 54 years,2015,CMAP Region,50
479,17197,Will County,Illinois,22715,Male,55 to 59 years,2015,CMAP Region,55
480,17197,Will County,Illinois,17575,Male,60 to 64 years,2015,CMAP Region,60
482,17197,Will County,Illinois,13692,Male,65 to 69 years,2015,CMAP Region,65
483,17197,Will County,Illinois,9407,Male,70 to 74 years,2015,CMAP Region,70
485,17197,Will County,Illinois,5840,Male,75 to 79 years,2015,CMAP Region,75
484,17197,Will County,Illinois,3607,Male,80 to 84 years,2015,CMAP Region,80
486,17197,Will County,Illinois,2998,Male,85 years and over,2015,CMAP Region,85
505,17201,Winnebago County,Illinois,9237,Male,0 to 4 years,2015,External IL,0
506,17201,Winnebago County,Illinois,9629,Male,5 to 9 years,2015,External IL,5
507,17201,Winnebago County,Illinois,9879,Male,10 to 14 years,2015,External IL,10
510,17201,Winnebago County,Illinois,9622,Male,15 to 19 years,2015,External IL,15
508,17201,Winnebago County,Illinois,8953,Male,20 to 24 years,2015,External IL,20
509,17201,Winnebago County,Illinois,8670,Male,25 to 29 years,2015,External IL,25
511,17201,Winnebago County,Illinois,8683,Male,30 to 34 years,2015,External IL,30
515,17201,Winnebago County,Illinois,8253,Male,35 to 39 years,2015,External IL,35
512,17201,Winnebago County,Illinois,8685,Male,40 to 44 years,2015,External IL,40
513,17201,Winnebago County,Illinois,9155,Male,45 to 49 years,2015,External IL,45
514,17201,Winnebago County,Illinois,10285,Male,50 to 54 years,2015,External IL,50
519,17201,Winnebago County,Illinois,10100,Male,55 to 59 years,2015,External IL,55
516,17201,Winnebago County,Illinois,8809,Male,60 to 64 years,2015,External IL,60
517,17201,Winnebago County,Illinois,7202,Male,65 to 69 years,2015,External IL,65
518,17201,Winnebago County,Illinois,5238,Male,70 to 74 years,2015,External IL,70
520,17201,Winnebago County,Illinois,3375,Male,75 to 79 years,2015,External IL,75
521,17201,Winnebago County,Illinois,2342,Male,80 to 84 years,2015,External IL,80
522,17201,Winnebago County,Illinois,2147,Male,85 years and over,2015,External IL,85
