State,Sex,Year,Age,Region,Projected_ASFR
Illinois,Female,2019,15 to 19 years,CMAP Region,0.022883
Illinois,Female,2020,15 to 19 years,CMAP Region,0.022979
Illinois,Female,2021,15 to 19 years,CMAP Region,0.023075
Illinois,Female,2022,15 to 19 years,CMAP Region,0.023172
Illinois,Female,2023,15 to 19 years,CMAP Region,0.023268
Illinois,Female,2024,15 to 19 years,CMAP Region,0.023364
Illinois,Female,2025,15 to 19 years,CMAP Region,0.02346
Illinois,Female,2026,15 to 19 years,CMAP Region,0.023557
Illinois,Female,2027,15 to 19 years,CMAP Region,0.023653
Illinois,Female,2028,15 to 19 years,CMAP Region,0.023749
Illinois,Female,2029,15 to 19 years,CMAP Region,0.023845
Illinois,Female,2030,15 to 19 years,CMAP Region,0.023942
Illinois,Female,2031,15 to 19 years,CMAP Region,0.024038
Illinois,Female,2032,15 to 19 years,CMAP Region,0.024134
Illinois,Female,2033,15 to 19 years,CMAP Region,0.02423
Illinois,Female,2034,15 to 19 years,CMAP Region,0.024326
Illinois,Female,2035,15 to 19 years,CMAP Region,0.024423
Illinois,Female,2036,15 to 19 years,CMAP Region,0.024519
Illinois,Female,2037,15 to 19 years,CMAP Region,0.024615
Illinois,Female,2038,15 to 19 years,CMAP Region,0.024711
Illinois,Female,2039,15 to 19 years,CMAP Region,0.024807
Illinois,Female,2040,15 to 19 years,CMAP Region,0.024903
Illinois,Female,2041,15 to 19 years,CMAP Region,0.024999
Illinois,Female,2042,15 to 19 years,CMAP Region,0.025095
Illinois,Female,2043,15 to 19 years,CMAP Region,0.025192
Illinois,Female,2044,15 to 19 years,CMAP Region,0.025287
Illinois,Female,2045,15 to 19 years,CMAP Region,0.025384
Illinois,Female,2046,15 to 19 years,CMAP Region,0.02548
Illinois,Female,2047,15 to 19 years,CMAP Region,0.025576
Illinois,Female,2048,15 to 19 years,CMAP Region,0.025672
Illinois,Female,2049,15 to 19 years,CMAP Region,0.025768
Illinois,Female,2050,15 to 19 years,CMAP Region,0.025864
Illinois,Female,2051,15 to 19 years,CMAP Region,0.02596
Illinois,Female,2052,15 to 19 years,CMAP Region,0.026056
Illinois,Female,2053,15 to 19 years,CMAP Region,0.026152
Illinois,Female,2054,15 to 19 years,CMAP Region,0.026248
Illinois,Female,2055,15 to 19 years,CMAP Region,0.026344
Illinois,Female,2056,15 to 19 years,CMAP Region,0.02644
Illinois,Female,2057,15 to 19 years,CMAP Region,0.026536
Illinois,Female,2058,15 to 19 years,CMAP Region,0.026632
Illinois,Female,2059,15 to 19 years,CMAP Region,0.026728
Illinois,Female,2060,15 to 19 years,CMAP Region,0.026824
Illinois,Female,2019,20 to 24 years,CMAP Region,0.062261
Illinois,Female,2020,20 to 24 years,CMAP Region,0.062368
Illinois,Female,2021,20 to 24 years,CMAP Region,0.062476
Illinois,Female,2022,20 to 24 years,CMAP Region,0.062584
Illinois,Female,2023,20 to 24 years,CMAP Region,0.062692
Illinois,Female,2024,20 to 24 years,CMAP Region,0.0628
Illinois,Female,2025,20 to 24 years,CMAP Region,0.062907
Illinois,Female,2026,20 to 24 years,CMAP Region,0.063015
Illinois,Female,2027,20 to 24 years,CMAP Region,0.063123
Illinois,Female,2028,20 to 24 years,CMAP Region,0.063231
Illinois,Female,2029,20 to 24 years,CMAP Region,0.063339
Illinois,Female,2030,20 to 24 years,CMAP Region,0.063446
Illinois,Female,2031,20 to 24 years,CMAP Region,0.063554
Illinois,Female,2032,20 to 24 years,CMAP Region,0.063662
Illinois,Female,2033,20 to 24 years,CMAP Region,0.063769
Illinois,Female,2034,20 to 24 years,CMAP Region,0.063877
Illinois,Female,2035,20 to 24 years,CMAP Region,0.063985
Illinois,Female,2036,20 to 24 years,CMAP Region,0.064092
Illinois,Female,2037,20 to 24 years,CMAP Region,0.0642
Illinois,Female,2038,20 to 24 years,CMAP Region,0.064308
Illinois,Female,2039,20 to 24 years,CMAP Region,0.064415
Illinois,Female,2040,20 to 24 years,CMAP Region,0.064523
Illinois,Female,2041,20 to 24 years,CMAP Region,0.064631
Illinois,Female,2042,20 to 24 years,CMAP Region,0.064738
Illinois,Female,2043,20 to 24 years,CMAP Region,0.064846
Illinois,Female,2044,20 to 24 years,CMAP Region,0.064953
Illinois,Female,2045,20 to 24 years,CMAP Region,0.065061
Illinois,Female,2046,20 to 24 years,CMAP Region,0.065169
Illinois,Female,2047,20 to 24 years,CMAP Region,0.065276
Illinois,Female,2048,20 to 24 years,CMAP Region,0.065384
Illinois,Female,2049,20 to 24 years,CMAP Region,0.065491
Illinois,Female,2050,20 to 24 years,CMAP Region,0.065599
Illinois,Female,2051,20 to 24 years,CMAP Region,0.065706
Illinois,Female,2052,20 to 24 years,CMAP Region,0.065814
Illinois,Female,2053,20 to 24 years,CMAP Region,0.065921
Illinois,Female,2054,20 to 24 years,CMAP Region,0.066029
Illinois,Female,2055,20 to 24 years,CMAP Region,0.066136
Illinois,Female,2056,20 to 24 years,CMAP Region,0.066244
Illinois,Female,2057,20 to 24 years,CMAP Region,0.066351
Illinois,Female,2058,20 to 24 years,CMAP Region,0.066459
Illinois,Female,2059,20 to 24 years,CMAP Region,0.066566
Illinois,Female,2060,20 to 24 years,CMAP Region,0.066673
Illinois,Female,2019,25 to 29 years,CMAP Region,0.085932
Illinois,Female,2020,25 to 29 years,CMAP Region,0.085917
Illinois,Female,2021,25 to 29 years,CMAP Region,0.085902
Illinois,Female,2022,25 to 29 years,CMAP Region,0.085887
Illinois,Female,2023,25 to 29 years,CMAP Region,0.085872
Illinois,Female,2024,25 to 29 years,CMAP Region,0.085857
Illinois,Female,2025,25 to 29 years,CMAP Region,0.085842
Illinois,Female,2026,25 to 29 years,CMAP Region,0.085827
Illinois,Female,2027,25 to 29 years,CMAP Region,0.085812
Illinois,Female,2028,25 to 29 years,CMAP Region,0.085797
Illinois,Female,2029,25 to 29 years,CMAP Region,0.085782
Illinois,Female,2030,25 to 29 years,CMAP Region,0.085767
Illinois,Female,2031,25 to 29 years,CMAP Region,0.085752
Illinois,Female,2032,25 to 29 years,CMAP Region,0.085738
Illinois,Female,2033,25 to 29 years,CMAP Region,0.085723
Illinois,Female,2034,25 to 29 years,CMAP Region,0.085708
Illinois,Female,2035,25 to 29 years,CMAP Region,0.085693
Illinois,Female,2036,25 to 29 years,CMAP Region,0.085678
Illinois,Female,2037,25 to 29 years,CMAP Region,0.085663
Illinois,Female,2038,25 to 29 years,CMAP Region,0.085648
Illinois,Female,2039,25 to 29 years,CMAP Region,0.085633
Illinois,Female,2040,25 to 29 years,CMAP Region,0.085618
Illinois,Female,2041,25 to 29 years,CMAP Region,0.085603
Illinois,Female,2042,25 to 29 years,CMAP Region,0.085588
Illinois,Female,2043,25 to 29 years,CMAP Region,0.085573
Illinois,Female,2044,25 to 29 years,CMAP Region,0.085558
Illinois,Female,2045,25 to 29 years,CMAP Region,0.085543
Illinois,Female,2046,25 to 29 years,CMAP Region,0.085528
Illinois,Female,2047,25 to 29 years,CMAP Region,0.085514
Illinois,Female,2048,25 to 29 years,CMAP Region,0.085499
Illinois,Female,2049,25 to 29 years,CMAP Region,0.085484
Illinois,Female,2050,25 to 29 years,CMAP Region,0.085469
Illinois,Female,2051,25 to 29 years,CMAP Region,0.085454
Illinois,Female,2052,25 to 29 years,CMAP Region,0.085439
Illinois,Female,2053,25 to 29 years,CMAP Region,0.085424
Illinois,Female,2054,25 to 29 years,CMAP Region,0.085409
Illinois,Female,2055,25 to 29 years,CMAP Region,0.085394
Illinois,Female,2056,25 to 29 years,CMAP Region,0.085379
Illinois,Female,2057,25 to 29 years,CMAP Region,0.085364
Illinois,Female,2058,25 to 29 years,CMAP Region,0.085349
Illinois,Female,2059,25 to 29 years,CMAP Region,0.085334
Illinois,Female,2060,25 to 29 years,CMAP Region,0.08532
Illinois,Female,2019,30 to 34 years,CMAP Region,0.106314
Illinois,Female,2020,30 to 34 years,CMAP Region,0.106184
Illinois,Female,2021,30 to 34 years,CMAP Region,0.106053
Illinois,Female,2022,30 to 34 years,CMAP Region,0.105923
Illinois,Female,2023,30 to 34 years,CMAP Region,0.105793
Illinois,Female,2024,30 to 34 years,CMAP Region,0.105663
Illinois,Female,2025,30 to 34 years,CMAP Region,0.105533
Illinois,Female,2026,30 to 34 years,CMAP Region,0.105403
Illinois,Female,2027,30 to 34 years,CMAP Region,0.105273
Illinois,Female,2028,30 to 34 years,CMAP Region,0.105143
Illinois,Female,2029,30 to 34 years,CMAP Region,0.105013
Illinois,Female,2030,30 to 34 years,CMAP Region,0.104883
Illinois,Female,2031,30 to 34 years,CMAP Region,0.104753
Illinois,Female,2032,30 to 34 years,CMAP Region,0.104623
Illinois,Female,2033,30 to 34 years,CMAP Region,0.104493
Illinois,Female,2034,30 to 34 years,CMAP Region,0.104363
Illinois,Female,2035,30 to 34 years,CMAP Region,0.104233
Illinois,Female,2036,30 to 34 years,CMAP Region,0.104103
Illinois,Female,2037,30 to 34 years,CMAP Region,0.103973
Illinois,Female,2038,30 to 34 years,CMAP Region,0.103843
Illinois,Female,2039,30 to 34 years,CMAP Region,0.103713
Illinois,Female,2040,30 to 34 years,CMAP Region,0.103583
Illinois,Female,2041,30 to 34 years,CMAP Region,0.103453
Illinois,Female,2042,30 to 34 years,CMAP Region,0.103323
Illinois,Female,2043,30 to 34 years,CMAP Region,0.103194
Illinois,Female,2044,30 to 34 years,CMAP Region,0.103064
Illinois,Female,2045,30 to 34 years,CMAP Region,0.102934
Illinois,Female,2046,30 to 34 years,CMAP Region,0.102804
Illinois,Female,2047,30 to 34 years,CMAP Region,0.102674
Illinois,Female,2048,30 to 34 years,CMAP Region,0.102545
Illinois,Female,2049,30 to 34 years,CMAP Region,0.102415
Illinois,Female,2050,30 to 34 years,CMAP Region,0.102285
Illinois,Female,2051,30 to 34 years,CMAP Region,0.102155
Illinois,Female,2052,30 to 34 years,CMAP Region,0.102025
Illinois,Female,2053,30 to 34 years,CMAP Region,0.101896
Illinois,Female,2054,30 to 34 years,CMAP Region,0.101766
Illinois,Female,2055,30 to 34 years,CMAP Region,0.101636
Illinois,Female,2056,30 to 34 years,CMAP Region,0.101507
Illinois,Female,2057,30 to 34 years,CMAP Region,0.101377
Illinois,Female,2058,30 to 34 years,CMAP Region,0.101247
Illinois,Female,2059,30 to 34 years,CMAP Region,0.101117
Illinois,Female,2060,30 to 34 years,CMAP Region,0.100988
Illinois,Female,2019,35 to 39 years,CMAP Region,0.060593
Illinois,Female,2020,35 to 39 years,CMAP Region,0.060433
Illinois,Female,2021,35 to 39 years,CMAP Region,0.060272
Illinois,Female,2022,35 to 39 years,CMAP Region,0.060112
Illinois,Female,2023,35 to 39 years,CMAP Region,0.059951
Illinois,Female,2024,35 to 39 years,CMAP Region,0.059791
Illinois,Female,2025,35 to 39 years,CMAP Region,0.05963
Illinois,Female,2026,35 to 39 years,CMAP Region,0.05947
Illinois,Female,2027,35 to 39 years,CMAP Region,0.05931
Illinois,Female,2028,35 to 39 years,CMAP Region,0.059149
Illinois,Female,2029,35 to 39 years,CMAP Region,0.058989
Illinois,Female,2030,35 to 39 years,CMAP Region,0.058828
Illinois,Female,2031,35 to 39 years,CMAP Region,0.058668
Illinois,Female,2032,35 to 39 years,CMAP Region,0.058508
Illinois,Female,2033,35 to 39 years,CMAP Region,0.058347
Illinois,Female,2034,35 to 39 years,CMAP Region,0.058187
Illinois,Female,2035,35 to 39 years,CMAP Region,0.058027
Illinois,Female,2036,35 to 39 years,CMAP Region,0.057867
Illinois,Female,2037,35 to 39 years,CMAP Region,0.057706
Illinois,Female,2038,35 to 39 years,CMAP Region,0.057546
Illinois,Female,2039,35 to 39 years,CMAP Region,0.057386
Illinois,Female,2040,35 to 39 years,CMAP Region,0.057226
Illinois,Female,2041,35 to 39 years,CMAP Region,0.057065
Illinois,Female,2042,35 to 39 years,CMAP Region,0.056905
Illinois,Female,2043,35 to 39 years,CMAP Region,0.056745
Illinois,Female,2044,35 to 39 years,CMAP Region,0.056585
Illinois,Female,2045,35 to 39 years,CMAP Region,0.056425
Illinois,Female,2046,35 to 39 years,CMAP Region,0.056264
Illinois,Female,2047,35 to 39 years,CMAP Region,0.056104
Illinois,Female,2048,35 to 39 years,CMAP Region,0.055944
Illinois,Female,2049,35 to 39 years,CMAP Region,0.055784
Illinois,Female,2050,35 to 39 years,CMAP Region,0.055624
Illinois,Female,2051,35 to 39 years,CMAP Region,0.055464
Illinois,Female,2052,35 to 39 years,CMAP Region,0.055304
Illinois,Female,2053,35 to 39 years,CMAP Region,0.055144
Illinois,Female,2054,35 to 39 years,CMAP Region,0.054984
Illinois,Female,2055,35 to 39 years,CMAP Region,0.054824
Illinois,Female,2056,35 to 39 years,CMAP Region,0.054664
Illinois,Female,2057,35 to 39 years,CMAP Region,0.054504
Illinois,Female,2058,35 to 39 years,CMAP Region,0.054344
Illinois,Female,2059,35 to 39 years,CMAP Region,0.054184
Illinois,Female,2060,35 to 39 years,CMAP Region,0.054024
Illinois,Female,2019,40 to 44 years,CMAP Region,0.013691
Illinois,Female,2020,40 to 44 years,CMAP Region,0.013634
Illinois,Female,2021,40 to 44 years,CMAP Region,0.013577
Illinois,Female,2022,40 to 44 years,CMAP Region,0.01352
Illinois,Female,2023,40 to 44 years,CMAP Region,0.013463
Illinois,Female,2024,40 to 44 years,CMAP Region,0.013406
Illinois,Female,2025,40 to 44 years,CMAP Region,0.013349
Illinois,Female,2026,40 to 44 years,CMAP Region,0.013292
Illinois,Female,2027,40 to 44 years,CMAP Region,0.013236
Illinois,Female,2028,40 to 44 years,CMAP Region,0.013179
Illinois,Female,2029,40 to 44 years,CMAP Region,0.013122
Illinois,Female,2030,40 to 44 years,CMAP Region,0.013065
Illinois,Female,2031,40 to 44 years,CMAP Region,0.013008
Illinois,Female,2032,40 to 44 years,CMAP Region,0.012951
Illinois,Female,2033,40 to 44 years,CMAP Region,0.012894
Illinois,Female,2034,40 to 44 years,CMAP Region,0.012837
Illinois,Female,2035,40 to 44 years,CMAP Region,0.012781
Illinois,Female,2036,40 to 44 years,CMAP Region,0.012724
Illinois,Female,2037,40 to 44 years,CMAP Region,0.012667
Illinois,Female,2038,40 to 44 years,CMAP Region,0.01261
Illinois,Female,2039,40 to 44 years,CMAP Region,0.012553
Illinois,Female,2040,40 to 44 years,CMAP Region,0.012497
Illinois,Female,2041,40 to 44 years,CMAP Region,0.01244
Illinois,Female,2042,40 to 44 years,CMAP Region,0.012383
Illinois,Female,2043,40 to 44 years,CMAP Region,0.012326
Illinois,Female,2044,40 to 44 years,CMAP Region,0.012269
Illinois,Female,2045,40 to 44 years,CMAP Region,0.012212
Illinois,Female,2046,40 to 44 years,CMAP Region,0.012156
Illinois,Female,2047,40 to 44 years,CMAP Region,0.012099
Illinois,Female,2048,40 to 44 years,CMAP Region,0.012042
Illinois,Female,2049,40 to 44 years,CMAP Region,0.011985
Illinois,Female,2050,40 to 44 years,CMAP Region,0.011929
Illinois,Female,2051,40 to 44 years,CMAP Region,0.011872
Illinois,Female,2052,40 to 44 years,CMAP Region,0.011815
Illinois,Female,2053,40 to 44 years,CMAP Region,0.011758
Illinois,Female,2054,40 to 44 years,CMAP Region,0.011702
Illinois,Female,2055,40 to 44 years,CMAP Region,0.011645
Illinois,Female,2056,40 to 44 years,CMAP Region,0.011588
Illinois,Female,2057,40 to 44 years,CMAP Region,0.011531
Illinois,Female,2058,40 to 44 years,CMAP Region,0.011475
Illinois,Female,2059,40 to 44 years,CMAP Region,0.011418
Illinois,Female,2060,40 to 44 years,CMAP Region,0.011361
Illinois,Female,2019,15 to 19 years,External IL,0.025342
Illinois,Female,2020,15 to 19 years,External IL,0.025449
Illinois,Female,2021,15 to 19 years,External IL,0.025556
Illinois,Female,2022,15 to 19 years,External IL,0.025662
Illinois,Female,2023,15 to 19 years,External IL,0.025769
Illinois,Female,2024,15 to 19 years,External IL,0.025875
Illinois,Female,2025,15 to 19 years,External IL,0.025982
Illinois,Female,2026,15 to 19 years,External IL,0.026089
Illinois,Female,2027,15 to 19 years,External IL,0.026195
Illinois,Female,2028,15 to 19 years,External IL,0.026302
Illinois,Female,2029,15 to 19 years,External IL,0.026408
Illinois,Female,2030,15 to 19 years,External IL,0.026515
Illinois,Female,2031,15 to 19 years,External IL,0.026621
Illinois,Female,2032,15 to 19 years,External IL,0.026728
Illinois,Female,2033,15 to 19 years,External IL,0.026835
Illinois,Female,2034,15 to 19 years,External IL,0.026941
Illinois,Female,2035,15 to 19 years,External IL,0.027048
Illinois,Female,2036,15 to 19 years,External IL,0.027154
Illinois,Female,2037,15 to 19 years,External IL,0.027261
Illinois,Female,2038,15 to 19 years,External IL,0.027367
Illinois,Female,2039,15 to 19 years,External IL,0.027473
Illinois,Female,2040,15 to 19 years,External IL,0.02758
Illinois,Female,2041,15 to 19 years,External IL,0.027686
Illinois,Female,2042,15 to 19 years,External IL,0.027793
Illinois,Female,2043,15 to 19 years,External IL,0.027899
Illinois,Female,2044,15 to 19 years,External IL,0.028005
Illinois,Female,2045,15 to 19 years,External IL,0.028112
Illinois,Female,2046,15 to 19 years,External IL,0.028218
Illinois,Female,2047,15 to 19 years,External IL,0.028325
Illinois,Female,2048,15 to 19 years,External IL,0.028431
Illinois,Female,2049,15 to 19 years,External IL,0.028538
Illinois,Female,2050,15 to 19 years,External IL,0.028644
Illinois,Female,2051,15 to 19 years,External IL,0.02875
Illinois,Female,2052,15 to 19 years,External IL,0.028856
Illinois,Female,2053,15 to 19 years,External IL,0.028963
Illinois,Female,2054,15 to 19 years,External IL,0.029069
Illinois,Female,2055,15 to 19 years,External IL,0.029175
Illinois,Female,2056,15 to 19 years,External IL,0.029282
Illinois,Female,2057,15 to 19 years,External IL,0.029388
Illinois,Female,2058,15 to 19 years,External IL,0.029494
Illinois,Female,2059,15 to 19 years,External IL,0.029601
Illinois,Female,2060,15 to 19 years,External IL,0.029707
Illinois,Female,2019,20 to 24 years,External IL,0.07424
Illinois,Female,2020,20 to 24 years,External IL,0.074369
Illinois,Female,2021,20 to 24 years,External IL,0.074497
Illinois,Female,2022,20 to 24 years,External IL,0.074626
Illinois,Female,2023,20 to 24 years,External IL,0.074755
Illinois,Female,2024,20 to 24 years,External IL,0.074883
Illinois,Female,2025,20 to 24 years,External IL,0.075012
Illinois,Female,2026,20 to 24 years,External IL,0.07514
Illinois,Female,2027,20 to 24 years,External IL,0.075269
Illinois,Female,2028,20 to 24 years,External IL,0.075397
Illinois,Female,2029,20 to 24 years,External IL,0.075526
Illinois,Female,2030,20 to 24 years,External IL,0.075654
Illinois,Female,2031,20 to 24 years,External IL,0.075783
Illinois,Female,2032,20 to 24 years,External IL,0.075911
Illinois,Female,2033,20 to 24 years,External IL,0.076039
Illinois,Female,2034,20 to 24 years,External IL,0.076168
Illinois,Female,2035,20 to 24 years,External IL,0.076296
Illinois,Female,2036,20 to 24 years,External IL,0.076424
Illinois,Female,2037,20 to 24 years,External IL,0.076553
Illinois,Female,2038,20 to 24 years,External IL,0.076681
Illinois,Female,2039,20 to 24 years,External IL,0.07681
Illinois,Female,2040,20 to 24 years,External IL,0.076938
Illinois,Female,2041,20 to 24 years,External IL,0.077066
Illinois,Female,2042,20 to 24 years,External IL,0.077195
Illinois,Female,2043,20 to 24 years,External IL,0.077323
Illinois,Female,2044,20 to 24 years,External IL,0.077451
Illinois,Female,2045,20 to 24 years,External IL,0.07758
Illinois,Female,2046,20 to 24 years,External IL,0.077708
Illinois,Female,2047,20 to 24 years,External IL,0.077836
Illinois,Female,2048,20 to 24 years,External IL,0.077964
Illinois,Female,2049,20 to 24 years,External IL,0.078093
Illinois,Female,2050,20 to 24 years,External IL,0.078221
Illinois,Female,2051,20 to 24 years,External IL,0.078349
Illinois,Female,2052,20 to 24 years,External IL,0.078477
Illinois,Female,2053,20 to 24 years,External IL,0.078605
Illinois,Female,2054,20 to 24 years,External IL,0.078734
Illinois,Female,2055,20 to 24 years,External IL,0.078862
Illinois,Female,2056,20 to 24 years,External IL,0.07899
Illinois,Female,2057,20 to 24 years,External IL,0.079118
Illinois,Female,2058,20 to 24 years,External IL,0.079246
Illinois,Female,2059,20 to 24 years,External IL,0.079374
Illinois,Female,2060,20 to 24 years,External IL,0.079502
Illinois,Female,2019,25 to 29 years,External IL,0.125988
Illinois,Female,2020,25 to 29 years,External IL,0.125966
Illinois,Female,2021,25 to 29 years,External IL,0.125944
Illinois,Female,2022,25 to 29 years,External IL,0.125922
Illinois,Female,2023,25 to 29 years,External IL,0.1259
Illinois,Female,2024,25 to 29 years,External IL,0.125878
Illinois,Female,2025,25 to 29 years,External IL,0.125856
Illinois,Female,2026,25 to 29 years,External IL,0.125834
Illinois,Female,2027,25 to 29 years,External IL,0.125812
Illinois,Female,2028,25 to 29 years,External IL,0.125791
Illinois,Female,2029,25 to 29 years,External IL,0.125769
Illinois,Female,2030,25 to 29 years,External IL,0.125747
Illinois,Female,2031,25 to 29 years,External IL,0.125725
Illinois,Female,2032,25 to 29 years,External IL,0.125703
Illinois,Female,2033,25 to 29 years,External IL,0.125681
Illinois,Female,2034,25 to 29 years,External IL,0.125659
Illinois,Female,2035,25 to 29 years,External IL,0.125637
Illinois,Female,2036,25 to 29 years,External IL,0.125615
Illinois,Female,2037,25 to 29 years,External IL,0.125593
Illinois,Female,2038,25 to 29 years,External IL,0.125571
Illinois,Female,2039,25 to 29 years,External IL,0.12555
Illinois,Female,2040,25 to 29 years,External IL,0.125528
Illinois,Female,2041,25 to 29 years,External IL,0.125506
Illinois,Female,2042,25 to 29 years,External IL,0.125484
Illinois,Female,2043,25 to 29 years,External IL,0.125462
Illinois,Female,2044,25 to 29 years,External IL,0.12544
Illinois,Female,2045,25 to 29 years,External IL,0.125418
Illinois,Female,2046,25 to 29 years,External IL,0.125396
Illinois,Female,2047,25 to 29 years,External IL,0.125374
Illinois,Female,2048,25 to 29 years,External IL,0.125353
Illinois,Female,2049,25 to 29 years,External IL,0.125331
Illinois,Female,2050,25 to 29 years,External IL,0.125309
Illinois,Female,2051,25 to 29 years,External IL,0.125287
Illinois,Female,2052,25 to 29 years,External IL,0.125265
Illinois,Female,2053,25 to 29 years,External IL,0.125243
Illinois,Female,2054,25 to 29 years,External IL,0.125221
Illinois,Female,2055,25 to 29 years,External IL,0.125199
Illinois,Female,2056,25 to 29 years,External IL,0.125177
Illinois,Female,2057,25 to 29 years,External IL,0.125156
Illinois,Female,2058,25 to 29 years,External IL,0.125134
Illinois,Female,2059,25 to 29 years,External IL,0.125112
Illinois,Female,2060,25 to 29 years,External IL,0.12509
Illinois,Female,2019,30 to 34 years,External IL,0.094513
Illinois,Female,2020,30 to 34 years,External IL,0.094397
Illinois,Female,2021,30 to 34 years,External IL,0.094282
Illinois,Female,2022,30 to 34 years,External IL,0.094166
Illinois,Female,2023,30 to 34 years,External IL,0.09405
Illinois,Female,2024,30 to 34 years,External IL,0.093935
Illinois,Female,2025,30 to 34 years,External IL,0.093819
Illinois,Female,2026,30 to 34 years,External IL,0.093703
Illinois,Female,2027,30 to 34 years,External IL,0.093588
Illinois,Female,2028,30 to 34 years,External IL,0.093472
Illinois,Female,2029,30 to 34 years,External IL,0.093356
Illinois,Female,2030,30 to 34 years,External IL,0.093241
Illinois,Female,2031,30 to 34 years,External IL,0.093125
Illinois,Female,2032,30 to 34 years,External IL,0.09301
Illinois,Female,2033,30 to 34 years,External IL,0.092894
Illinois,Female,2034,30 to 34 years,External IL,0.092779
Illinois,Female,2035,30 to 34 years,External IL,0.092663
Illinois,Female,2036,30 to 34 years,External IL,0.092548
Illinois,Female,2037,30 to 34 years,External IL,0.092432
Illinois,Female,2038,30 to 34 years,External IL,0.092317
Illinois,Female,2039,30 to 34 years,External IL,0.092201
Illinois,Female,2040,30 to 34 years,External IL,0.092086
Illinois,Female,2041,30 to 34 years,External IL,0.09197
Illinois,Female,2042,30 to 34 years,External IL,0.091855
Illinois,Female,2043,30 to 34 years,External IL,0.091739
Illinois,Female,2044,30 to 34 years,External IL,0.091624
Illinois,Female,2045,30 to 34 years,External IL,0.091508
Illinois,Female,2046,30 to 34 years,External IL,0.091393
Illinois,Female,2047,30 to 34 years,External IL,0.091277
Illinois,Female,2048,30 to 34 years,External IL,0.091162
Illinois,Female,2049,30 to 34 years,External IL,0.091047
Illinois,Female,2050,30 to 34 years,External IL,0.090931
Illinois,Female,2051,30 to 34 years,External IL,0.090816
Illinois,Female,2052,30 to 34 years,External IL,0.090701
Illinois,Female,2053,30 to 34 years,External IL,0.090585
Illinois,Female,2054,30 to 34 years,External IL,0.09047
Illinois,Female,2055,30 to 34 years,External IL,0.090355
Illinois,Female,2056,30 to 34 years,External IL,0.090239
Illinois,Female,2057,30 to 34 years,External IL,0.090124
Illinois,Female,2058,30 to 34 years,External IL,0.090009
Illinois,Female,2059,30 to 34 years,External IL,0.089893
Illinois,Female,2060,30 to 34 years,External IL,0.089778
Illinois,Female,2019,35 to 39 years,External IL,0.040338
Illinois,Female,2020,35 to 39 years,External IL,0.040231
Illinois,Female,2021,35 to 39 years,External IL,0.040124
Illinois,Female,2022,35 to 39 years,External IL,0.040017
Illinois,Female,2023,35 to 39 years,External IL,0.03991
Illinois,Female,2024,35 to 39 years,External IL,0.039804
Illinois,Female,2025,35 to 39 years,External IL,0.039697
Illinois,Female,2026,35 to 39 years,External IL,0.03959
Illinois,Female,2027,35 to 39 years,External IL,0.039483
Illinois,Female,2028,35 to 39 years,External IL,0.039377
Illinois,Female,2029,35 to 39 years,External IL,0.03927
Illinois,Female,2030,35 to 39 years,External IL,0.039163
Illinois,Female,2031,35 to 39 years,External IL,0.039056
Illinois,Female,2032,35 to 39 years,External IL,0.038949
Illinois,Female,2033,35 to 39 years,External IL,0.038843
Illinois,Female,2034,35 to 39 years,External IL,0.038736
Illinois,Female,2035,35 to 39 years,External IL,0.038629
Illinois,Female,2036,35 to 39 years,External IL,0.038523
Illinois,Female,2037,35 to 39 years,External IL,0.038416
Illinois,Female,2038,35 to 39 years,External IL,0.038309
Illinois,Female,2039,35 to 39 years,External IL,0.038202
Illinois,Female,2040,35 to 39 years,External IL,0.038096
Illinois,Female,2041,35 to 39 years,External IL,0.037989
Illinois,Female,2042,35 to 39 years,External IL,0.037882
Illinois,Female,2043,35 to 39 years,External IL,0.037776
Illinois,Female,2044,35 to 39 years,External IL,0.037669
Illinois,Female,2045,35 to 39 years,External IL,0.037563
Illinois,Female,2046,35 to 39 years,External IL,0.037456
Illinois,Female,2047,35 to 39 years,External IL,0.037349
Illinois,Female,2048,35 to 39 years,External IL,0.037243
Illinois,Female,2049,35 to 39 years,External IL,0.037136
Illinois,Female,2050,35 to 39 years,External IL,0.03703
Illinois,Female,2051,35 to 39 years,External IL,0.036923
Illinois,Female,2052,35 to 39 years,External IL,0.036817
Illinois,Female,2053,35 to 39 years,External IL,0.03671
Illinois,Female,2054,35 to 39 years,External IL,0.036603
Illinois,Female,2055,35 to 39 years,External IL,0.036497
Illinois,Female,2056,35 to 39 years,External IL,0.036391
Illinois,Female,2057,35 to 39 years,External IL,0.036284
Illinois,Female,2058,35 to 39 years,External IL,0.036177
Illinois,Female,2059,35 to 39 years,External IL,0.036071
Illinois,Female,2060,35 to 39 years,External IL,0.035965
Illinois,Female,2019,40 to 44 years,External IL,0.007689
Illinois,Female,2020,40 to 44 years,External IL,0.007657
Illinois,Female,2021,40 to 44 years,External IL,0.007625
Illinois,Female,2022,40 to 44 years,External IL,0.007593
Illinois,Female,2023,40 to 44 years,External IL,0.007561
Illinois,Female,2024,40 to 44 years,External IL,0.007529
Illinois,Female,2025,40 to 44 years,External IL,0.007497
Illinois,Female,2026,40 to 44 years,External IL,0.007465
Illinois,Female,2027,40 to 44 years,External IL,0.007433
Illinois,Female,2028,40 to 44 years,External IL,0.007402
Illinois,Female,2029,40 to 44 years,External IL,0.00737
Illinois,Female,2030,40 to 44 years,External IL,0.007338
Illinois,Female,2031,40 to 44 years,External IL,0.007306
Illinois,Female,2032,40 to 44 years,External IL,0.007274
Illinois,Female,2033,40 to 44 years,External IL,0.007242
Illinois,Female,2034,40 to 44 years,External IL,0.00721
Illinois,Female,2035,40 to 44 years,External IL,0.007178
Illinois,Female,2036,40 to 44 years,External IL,0.007146
Illinois,Female,2037,40 to 44 years,External IL,0.007114
Illinois,Female,2038,40 to 44 years,External IL,0.007082
Illinois,Female,2039,40 to 44 years,External IL,0.00705
Illinois,Female,2040,40 to 44 years,External IL,0.007018
Illinois,Female,2041,40 to 44 years,External IL,0.006986
Illinois,Female,2042,40 to 44 years,External IL,0.006955
Illinois,Female,2043,40 to 44 years,External IL,0.006923
Illinois,Female,2044,40 to 44 years,External IL,0.006891
Illinois,Female,2045,40 to 44 years,External IL,0.006859
Illinois,Female,2046,40 to 44 years,External IL,0.006827
Illinois,Female,2047,40 to 44 years,External IL,0.006795
Illinois,Female,2048,40 to 44 years,External IL,0.006763
Illinois,Female,2049,40 to 44 years,External IL,0.006731
Illinois,Female,2050,40 to 44 years,External IL,0.006699
Illinois,Female,2051,40 to 44 years,External IL,0.006668
Illinois,Female,2052,40 to 44 years,External IL,0.006636
Illinois,Female,2053,40 to 44 years,External IL,0.006604
Illinois,Female,2054,40 to 44 years,External IL,0.006572
Illinois,Female,2055,40 to 44 years,External IL,0.00654
Illinois,Female,2056,40 to 44 years,External IL,0.006508
Illinois,Female,2057,40 to 44 years,External IL,0.006476
Illinois,Female,2058,40 to 44 years,External IL,0.006444
Illinois,Female,2059,40 to 44 years,External IL,0.006413
Illinois,Female,2060,40 to 44 years,External IL,0.006381
Indiana,Female,2019,15 to 19 years,External IN,
Indiana,Female,2020,15 to 19 years,External IN,
Indiana,Female,2021,15 to 19 years,External IN,0.030096
Indiana,Female,2022,15 to 19 years,External IN,0.030222
Indiana,Female,2023,15 to 19 years,External IN,0.030347
Indiana,Female,2024,15 to 19 years,External IN,0.030473
Indiana,Female,2025,15 to 19 years,External IN,0.030598
Indiana,Female,2026,15 to 19 years,External IN,0.030724
Indiana,Female,2027,15 to 19 years,External IN,0.030849
Indiana,Female,2028,15 to 19 years,External IN,0.030975
Indiana,Female,2029,15 to 19 years,External IN,0.0311
Indiana,Female,2030,15 to 19 years,External IN,0.031226
Indiana,Female,2031,15 to 19 years,External IN,0.031351
Indiana,Female,2032,15 to 19 years,External IN,0.031477
Indiana,Female,2033,15 to 19 years,External IN,0.031602
Indiana,Female,2034,15 to 19 years,External IN,0.031728
Indiana,Female,2035,15 to 19 years,External IN,0.031853
Indiana,Female,2036,15 to 19 years,External IN,0.031978
Indiana,Female,2037,15 to 19 years,External IN,0.032104
Indiana,Female,2038,15 to 19 years,External IN,0.032229
Indiana,Female,2039,15 to 19 years,External IN,0.032355
Indiana,Female,2040,15 to 19 years,External IN,0.03248
Indiana,Female,2041,15 to 19 years,External IN,0.032605
Indiana,Female,2042,15 to 19 years,External IN,0.032731
Indiana,Female,2043,15 to 19 years,External IN,0.032856
Indiana,Female,2044,15 to 19 years,External IN,0.032981
Indiana,Female,2045,15 to 19 years,External IN,0.033107
Indiana,Female,2046,15 to 19 years,External IN,0.033232
Indiana,Female,2047,15 to 19 years,External IN,0.033357
Indiana,Female,2048,15 to 19 years,External IN,0.033482
Indiana,Female,2049,15 to 19 years,External IN,0.033608
Indiana,Female,2050,15 to 19 years,External IN,0.033733
Indiana,Female,2051,15 to 19 years,External IN,0.033858
Indiana,Female,2052,15 to 19 years,External IN,0.033983
Indiana,Female,2053,15 to 19 years,External IN,0.034109
Indiana,Female,2054,15 to 19 years,External IN,0.034234
Indiana,Female,2055,15 to 19 years,External IN,0.034359
Indiana,Female,2056,15 to 19 years,External IN,0.034484
Indiana,Female,2057,15 to 19 years,External IN,0.034609
Indiana,Female,2058,15 to 19 years,External IN,0.034735
Indiana,Female,2059,15 to 19 years,External IN,0.03486
Indiana,Female,2060,15 to 19 years,External IN,0.034985
Indiana,Female,2019,20 to 24 years,External IN,
Indiana,Female,2020,20 to 24 years,External IN,
Indiana,Female,2021,20 to 24 years,External IN,0.081231
Indiana,Female,2022,20 to 24 years,External IN,0.081371
Indiana,Female,2023,20 to 24 years,External IN,0.081512
Indiana,Female,2024,20 to 24 years,External IN,0.081651
Indiana,Female,2025,20 to 24 years,External IN,0.081792
Indiana,Female,2026,20 to 24 years,External IN,0.081932
Indiana,Female,2027,20 to 24 years,External IN,0.082072
Indiana,Female,2028,20 to 24 years,External IN,0.082212
Indiana,Female,2029,20 to 24 years,External IN,0.082352
Indiana,Female,2030,20 to 24 years,External IN,0.082492
Indiana,Female,2031,20 to 24 years,External IN,0.082632
Indiana,Female,2032,20 to 24 years,External IN,0.082772
Indiana,Female,2033,20 to 24 years,External IN,0.082913
Indiana,Female,2034,20 to 24 years,External IN,0.083053
Indiana,Female,2035,20 to 24 years,External IN,0.083193
Indiana,Female,2036,20 to 24 years,External IN,0.083332
Indiana,Female,2037,20 to 24 years,External IN,0.083473
Indiana,Female,2038,20 to 24 years,External IN,0.083612
Indiana,Female,2039,20 to 24 years,External IN,0.083752
Indiana,Female,2040,20 to 24 years,External IN,0.083892
Indiana,Female,2041,20 to 24 years,External IN,0.084032
Indiana,Female,2042,20 to 24 years,External IN,0.084172
Indiana,Female,2043,20 to 24 years,External IN,0.084312
Indiana,Female,2044,20 to 24 years,External IN,0.084452
Indiana,Female,2045,20 to 24 years,External IN,0.084592
Indiana,Female,2046,20 to 24 years,External IN,0.084732
Indiana,Female,2047,20 to 24 years,External IN,0.084872
Indiana,Female,2048,20 to 24 years,External IN,0.085011
Indiana,Female,2049,20 to 24 years,External IN,0.085151
Indiana,Female,2050,20 to 24 years,External IN,0.085291
Indiana,Female,2051,20 to 24 years,External IN,0.085431
Indiana,Female,2052,20 to 24 years,External IN,0.08557
Indiana,Female,2053,20 to 24 years,External IN,0.08571
Indiana,Female,2054,20 to 24 years,External IN,0.08585
Indiana,Female,2055,20 to 24 years,External IN,0.08599
Indiana,Female,2056,20 to 24 years,External IN,0.086129
Indiana,Female,2057,20 to 24 years,External IN,0.086269
Indiana,Female,2058,20 to 24 years,External IN,0.086409
Indiana,Female,2059,20 to 24 years,External IN,0.086549
Indiana,Female,2060,20 to 24 years,External IN,0.086688
Indiana,Female,2019,25 to 29 years,External IN,
Indiana,Female,2020,25 to 29 years,External IN,
Indiana,Female,2021,25 to 29 years,External IN,0.115654
Indiana,Female,2022,25 to 29 years,External IN,0.115634
Indiana,Female,2023,25 to 29 years,External IN,0.115614
Indiana,Female,2024,25 to 29 years,External IN,0.115594
Indiana,Female,2025,25 to 29 years,External IN,0.115574
Indiana,Female,2026,25 to 29 years,External IN,0.115554
Indiana,Female,2027,25 to 29 years,External IN,0.115533
Indiana,Female,2028,25 to 29 years,External IN,0.115513
Indiana,Female,2029,25 to 29 years,External IN,0.115493
Indiana,Female,2030,25 to 29 years,External IN,0.115473
Indiana,Female,2031,25 to 29 years,External IN,0.115453
Indiana,Female,2032,25 to 29 years,External IN,0.115433
Indiana,Female,2033,25 to 29 years,External IN,0.115413
Indiana,Female,2034,25 to 29 years,External IN,0.115393
Indiana,Female,2035,25 to 29 years,External IN,0.115373
Indiana,Female,2036,25 to 29 years,External IN,0.115352
Indiana,Female,2037,25 to 29 years,External IN,0.115332
Indiana,Female,2038,25 to 29 years,External IN,0.115312
Indiana,Female,2039,25 to 29 years,External IN,0.115292
Indiana,Female,2040,25 to 29 years,External IN,0.115272
Indiana,Female,2041,25 to 29 years,External IN,0.115252
Indiana,Female,2042,25 to 29 years,External IN,0.115232
Indiana,Female,2043,25 to 29 years,External IN,0.115212
Indiana,Female,2044,25 to 29 years,External IN,0.115192
Indiana,Female,2045,25 to 29 years,External IN,0.115171
Indiana,Female,2046,25 to 29 years,External IN,0.115151
Indiana,Female,2047,25 to 29 years,External IN,0.115131
Indiana,Female,2048,25 to 29 years,External IN,0.115111
Indiana,Female,2049,25 to 29 years,External IN,0.115091
Indiana,Female,2050,25 to 29 years,External IN,0.115071
Indiana,Female,2051,25 to 29 years,External IN,0.115051
Indiana,Female,2052,25 to 29 years,External IN,0.115031
Indiana,Female,2053,25 to 29 years,External IN,0.115011
Indiana,Female,2054,25 to 29 years,External IN,0.114991
Indiana,Female,2055,25 to 29 years,External IN,0.114971
Indiana,Female,2056,25 to 29 years,External IN,0.11495
Indiana,Female,2057,25 to 29 years,External IN,0.11493
Indiana,Female,2058,25 to 29 years,External IN,0.11491
Indiana,Female,2059,25 to 29 years,External IN,0.11489
Indiana,Female,2060,25 to 29 years,External IN,0.11487
Indiana,Female,2019,30 to 34 years,External IN,
Indiana,Female,2020,30 to 34 years,External IN,
Indiana,Female,2021,30 to 34 years,External IN,0.088117
Indiana,Female,2022,30 to 34 years,External IN,0.088009
Indiana,Female,2023,30 to 34 years,External IN,0.0879
Indiana,Female,2024,30 to 34 years,External IN,0.087793
Indiana,Female,2025,30 to 34 years,External IN,0.087684
Indiana,Female,2026,30 to 34 years,External IN,0.087576
Indiana,Female,2027,30 to 34 years,External IN,0.087468
Indiana,Female,2028,30 to 34 years,External IN,0.08736
Indiana,Female,2029,30 to 34 years,External IN,0.087252
Indiana,Female,2030,30 to 34 years,External IN,0.087144
Indiana,Female,2031,30 to 34 years,External IN,0.087036
Indiana,Female,2032,30 to 34 years,External IN,0.086928
Indiana,Female,2033,30 to 34 years,External IN,0.08682
Indiana,Female,2034,30 to 34 years,External IN,0.086712
Indiana,Female,2035,30 to 34 years,External IN,0.086604
Indiana,Female,2036,30 to 34 years,External IN,0.086496
Indiana,Female,2037,30 to 34 years,External IN,0.086388
Indiana,Female,2038,30 to 34 years,External IN,0.08628
Indiana,Female,2039,30 to 34 years,External IN,0.086172
Indiana,Female,2040,30 to 34 years,External IN,0.086064
Indiana,Female,2041,30 to 34 years,External IN,0.085956
Indiana,Female,2042,30 to 34 years,External IN,0.085848
Indiana,Female,2043,30 to 34 years,External IN,0.085741
Indiana,Female,2044,30 to 34 years,External IN,0.085633
Indiana,Female,2045,30 to 34 years,External IN,0.085525
Indiana,Female,2046,30 to 34 years,External IN,0.085417
Indiana,Female,2047,30 to 34 years,External IN,0.085309
Indiana,Female,2048,30 to 34 years,External IN,0.085201
Indiana,Female,2049,30 to 34 years,External IN,0.085093
Indiana,Female,2050,30 to 34 years,External IN,0.084986
Indiana,Female,2051,30 to 34 years,External IN,0.084878
Indiana,Female,2052,30 to 34 years,External IN,0.08477
Indiana,Female,2053,30 to 34 years,External IN,0.084662
Indiana,Female,2054,30 to 34 years,External IN,0.084554
Indiana,Female,2055,30 to 34 years,External IN,0.084447
Indiana,Female,2056,30 to 34 years,External IN,0.084339
Indiana,Female,2057,30 to 34 years,External IN,0.084231
Indiana,Female,2058,30 to 34 years,External IN,0.084123
Indiana,Female,2059,30 to 34 years,External IN,0.084015
Indiana,Female,2060,30 to 34 years,External IN,0.083908
Indiana,Female,2019,35 to 39 years,External IN,
Indiana,Female,2020,35 to 39 years,External IN,
Indiana,Female,2021,35 to 39 years,External IN,0.037216
Indiana,Female,2022,35 to 39 years,External IN,0.037117
Indiana,Female,2023,35 to 39 years,External IN,0.037018
Indiana,Female,2024,35 to 39 years,External IN,0.036919
Indiana,Female,2025,35 to 39 years,External IN,0.03682
Indiana,Female,2026,35 to 39 years,External IN,0.03672
Indiana,Female,2027,35 to 39 years,External IN,0.036621
Indiana,Female,2028,35 to 39 years,External IN,0.036522
Indiana,Female,2029,35 to 39 years,External IN,0.036423
Indiana,Female,2030,35 to 39 years,External IN,0.036324
Indiana,Female,2031,35 to 39 years,External IN,0.036225
Indiana,Female,2032,35 to 39 years,External IN,0.036126
Indiana,Female,2033,35 to 39 years,External IN,0.036027
Indiana,Female,2034,35 to 39 years,External IN,0.035928
Indiana,Female,2035,35 to 39 years,External IN,0.035829
Indiana,Female,2036,35 to 39 years,External IN,0.03573
Indiana,Female,2037,35 to 39 years,External IN,0.035631
Indiana,Female,2038,35 to 39 years,External IN,0.035532
Indiana,Female,2039,35 to 39 years,External IN,0.035433
Indiana,Female,2040,35 to 39 years,External IN,0.035335
Indiana,Female,2041,35 to 39 years,External IN,0.035236
Indiana,Female,2042,35 to 39 years,External IN,0.035137
Indiana,Female,2043,35 to 39 years,External IN,0.035038
Indiana,Female,2044,35 to 39 years,External IN,0.034939
Indiana,Female,2045,35 to 39 years,External IN,0.03484
Indiana,Female,2046,35 to 39 years,External IN,0.034741
Indiana,Female,2047,35 to 39 years,External IN,0.034642
Indiana,Female,2048,35 to 39 years,External IN,0.034544
Indiana,Female,2049,35 to 39 years,External IN,0.034445
Indiana,Female,2050,35 to 39 years,External IN,0.034346
Indiana,Female,2051,35 to 39 years,External IN,0.034247
Indiana,Female,2052,35 to 39 years,External IN,0.034148
Indiana,Female,2053,35 to 39 years,External IN,0.034049
Indiana,Female,2054,35 to 39 years,External IN,0.03395
Indiana,Female,2055,35 to 39 years,External IN,0.033852
Indiana,Female,2056,35 to 39 years,External IN,0.033753
Indiana,Female,2057,35 to 39 years,External IN,0.033654
Indiana,Female,2058,35 to 39 years,External IN,0.033555
Indiana,Female,2059,35 to 39 years,External IN,0.033457
Indiana,Female,2060,35 to 39 years,External IN,0.033358
Indiana,Female,2019,40 to 44 years,External IN,
Indiana,Female,2020,40 to 44 years,External IN,
Indiana,Female,2021,40 to 44 years,External IN,0.009719
Indiana,Female,2022,40 to 44 years,External IN,0.009679
Indiana,Female,2023,40 to 44 years,External IN,0.009638
Indiana,Female,2024,40 to 44 years,External IN,0.009597
Indiana,Female,2025,40 to 44 years,External IN,0.009557
Indiana,Female,2026,40 to 44 years,External IN,0.009516
Indiana,Female,2027,40 to 44 years,External IN,0.009475
Indiana,Female,2028,40 to 44 years,External IN,0.009434
Indiana,Female,2029,40 to 44 years,External IN,0.009394
Indiana,Female,2030,40 to 44 years,External IN,0.009353
Indiana,Female,2031,40 to 44 years,External IN,0.009312
Indiana,Female,2032,40 to 44 years,External IN,0.009272
Indiana,Female,2033,40 to 44 years,External IN,0.009231
Indiana,Female,2034,40 to 44 years,External IN,0.00919
Indiana,Female,2035,40 to 44 years,External IN,0.009149
Indiana,Female,2036,40 to 44 years,External IN,0.009109
Indiana,Female,2037,40 to 44 years,External IN,0.009068
Indiana,Female,2038,40 to 44 years,External IN,0.009027
Indiana,Female,2039,40 to 44 years,External IN,0.008987
Indiana,Female,2040,40 to 44 years,External IN,0.008946
Indiana,Female,2041,40 to 44 years,External IN,0.008905
Indiana,Female,2042,40 to 44 years,External IN,0.008865
Indiana,Female,2043,40 to 44 years,External IN,0.008824
Indiana,Female,2044,40 to 44 years,External IN,0.008783
Indiana,Female,2045,40 to 44 years,External IN,0.008743
Indiana,Female,2046,40 to 44 years,External IN,0.008702
Indiana,Female,2047,40 to 44 years,External IN,0.008661
Indiana,Female,2048,40 to 44 years,External IN,0.008621
Indiana,Female,2049,40 to 44 years,External IN,0.00858
Indiana,Female,2050,40 to 44 years,External IN,0.008539
Indiana,Female,2051,40 to 44 years,External IN,0.008499
Indiana,Female,2052,40 to 44 years,External IN,0.008458
Indiana,Female,2053,40 to 44 years,External IN,0.008418
Indiana,Female,2054,40 to 44 years,External IN,0.008377
Indiana,Female,2055,40 to 44 years,External IN,0.008336
Indiana,Female,2056,40 to 44 years,External IN,0.008296
Indiana,Female,2057,40 to 44 years,External IN,0.008255
Indiana,Female,2058,40 to 44 years,External IN,0.008214
Indiana,Female,2059,40 to 44 years,External IN,0.008174
Indiana,Female,2060,40 to 44 years,External IN,0.008133
Wisconsin,Female,2019,15 to 19 years,External WI,0.023939
Wisconsin,Female,2020,15 to 19 years,External WI,0.02404
Wisconsin,Female,2021,15 to 19 years,External WI,0.02414
Wisconsin,Female,2022,15 to 19 years,External WI,0.024241
Wisconsin,Female,2023,15 to 19 years,External WI,0.024342
Wisconsin,Female,2024,15 to 19 years,External WI,0.024442
Wisconsin,Female,2025,15 to 19 years,External WI,0.024543
Wisconsin,Female,2026,15 to 19 years,External WI,0.024644
Wisconsin,Female,2027,15 to 19 years,External WI,0.024745
Wisconsin,Female,2028,15 to 19 years,External WI,0.024845
Wisconsin,Female,2029,15 to 19 years,External WI,0.024946
Wisconsin,Female,2030,15 to 19 years,External WI,0.025047
Wisconsin,Female,2031,15 to 19 years,External WI,0.025147
Wisconsin,Female,2032,15 to 19 years,External WI,0.025248
Wisconsin,Female,2033,15 to 19 years,External WI,0.025349
Wisconsin,Female,2034,15 to 19 years,External WI,0.025449
Wisconsin,Female,2035,15 to 19 years,External WI,0.02555
Wisconsin,Female,2036,15 to 19 years,External WI,0.02565
Wisconsin,Female,2037,15 to 19 years,External WI,0.025751
Wisconsin,Female,2038,15 to 19 years,External WI,0.025852
Wisconsin,Female,2039,15 to 19 years,External WI,0.025952
Wisconsin,Female,2040,15 to 19 years,External WI,0.026053
Wisconsin,Female,2041,15 to 19 years,External WI,0.026153
Wisconsin,Female,2042,15 to 19 years,External WI,0.026254
Wisconsin,Female,2043,15 to 19 years,External WI,0.026354
Wisconsin,Female,2044,15 to 19 years,External WI,0.026455
Wisconsin,Female,2045,15 to 19 years,External WI,0.026555
Wisconsin,Female,2046,15 to 19 years,External WI,0.026656
Wisconsin,Female,2047,15 to 19 years,External WI,0.026756
Wisconsin,Female,2048,15 to 19 years,External WI,0.026857
Wisconsin,Female,2049,15 to 19 years,External WI,0.026957
Wisconsin,Female,2050,15 to 19 years,External WI,0.027058
Wisconsin,Female,2051,15 to 19 years,External WI,0.027158
Wisconsin,Female,2052,15 to 19 years,External WI,0.027258
Wisconsin,Female,2053,15 to 19 years,External WI,0.027359
Wisconsin,Female,2054,15 to 19 years,External WI,0.027459
Wisconsin,Female,2055,15 to 19 years,External WI,0.02756
Wisconsin,Female,2056,15 to 19 years,External WI,0.02766
Wisconsin,Female,2057,15 to 19 years,External WI,0.027761
Wisconsin,Female,2058,15 to 19 years,External WI,0.027861
Wisconsin,Female,2059,15 to 19 years,External WI,0.027961
Wisconsin,Female,2060,15 to 19 years,External WI,0.028062
Wisconsin,Female,2019,20 to 24 years,External WI,0.072512
Wisconsin,Female,2020,20 to 24 years,External WI,0.072637
Wisconsin,Female,2021,20 to 24 years,External WI,0.072763
Wisconsin,Female,2022,20 to 24 years,External WI,0.072889
Wisconsin,Female,2023,20 to 24 years,External WI,0.073014
Wisconsin,Female,2024,20 to 24 years,External WI,0.07314
Wisconsin,Female,2025,20 to 24 years,External WI,0.073265
Wisconsin,Female,2026,20 to 24 years,External WI,0.073391
Wisconsin,Female,2027,20 to 24 years,External WI,0.073516
Wisconsin,Female,2028,20 to 24 years,External WI,0.073642
Wisconsin,Female,2029,20 to 24 years,External WI,0.073767
Wisconsin,Female,2030,20 to 24 years,External WI,0.073893
Wisconsin,Female,2031,20 to 24 years,External WI,0.074018
Wisconsin,Female,2032,20 to 24 years,External WI,0.074144
Wisconsin,Female,2033,20 to 24 years,External WI,0.074269
Wisconsin,Female,2034,20 to 24 years,External WI,0.074395
Wisconsin,Female,2035,20 to 24 years,External WI,0.07452
Wisconsin,Female,2036,20 to 24 years,External WI,0.074645
Wisconsin,Female,2037,20 to 24 years,External WI,0.074771
Wisconsin,Female,2038,20 to 24 years,External WI,0.074896
Wisconsin,Female,2039,20 to 24 years,External WI,0.075022
Wisconsin,Female,2040,20 to 24 years,External WI,0.075147
Wisconsin,Female,2041,20 to 24 years,External WI,0.075272
Wisconsin,Female,2042,20 to 24 years,External WI,0.075398
Wisconsin,Female,2043,20 to 24 years,External WI,0.075523
Wisconsin,Female,2044,20 to 24 years,External WI,0.075648
Wisconsin,Female,2045,20 to 24 years,External WI,0.075773
Wisconsin,Female,2046,20 to 24 years,External WI,0.075899
Wisconsin,Female,2047,20 to 24 years,External WI,0.076024
Wisconsin,Female,2048,20 to 24 years,External WI,0.076149
Wisconsin,Female,2049,20 to 24 years,External WI,0.076275
Wisconsin,Female,2050,20 to 24 years,External WI,0.0764
Wisconsin,Female,2051,20 to 24 years,External WI,0.076525
Wisconsin,Female,2052,20 to 24 years,External WI,0.07665
Wisconsin,Female,2053,20 to 24 years,External WI,0.076775
Wisconsin,Female,2054,20 to 24 years,External WI,0.076901
Wisconsin,Female,2055,20 to 24 years,External WI,0.077026
Wisconsin,Female,2056,20 to 24 years,External WI,0.077151
Wisconsin,Female,2057,20 to 24 years,External WI,0.077276
Wisconsin,Female,2058,20 to 24 years,External WI,0.077401
Wisconsin,Female,2059,20 to 24 years,External WI,0.077526
Wisconsin,Female,2060,20 to 24 years,External WI,0.077651
Wisconsin,Female,2019,25 to 29 years,External WI,0.127802
Wisconsin,Female,2020,25 to 29 years,External WI,0.12778
Wisconsin,Female,2021,25 to 29 years,External WI,0.127758
Wisconsin,Female,2022,25 to 29 years,External WI,0.127735
Wisconsin,Female,2023,25 to 29 years,External WI,0.127713
Wisconsin,Female,2024,25 to 29 years,External WI,0.127691
Wisconsin,Female,2025,25 to 29 years,External WI,0.127669
Wisconsin,Female,2026,25 to 29 years,External WI,0.127646
Wisconsin,Female,2027,25 to 29 years,External WI,0.127624
Wisconsin,Female,2028,25 to 29 years,External WI,0.127602
Wisconsin,Female,2029,25 to 29 years,External WI,0.12758
Wisconsin,Female,2030,25 to 29 years,External WI,0.127557
Wisconsin,Female,2031,25 to 29 years,External WI,0.127535
Wisconsin,Female,2032,25 to 29 years,External WI,0.127513
Wisconsin,Female,2033,25 to 29 years,External WI,0.127491
Wisconsin,Female,2034,25 to 29 years,External WI,0.127469
Wisconsin,Female,2035,25 to 29 years,External WI,0.127446
Wisconsin,Female,2036,25 to 29 years,External WI,0.127424
Wisconsin,Female,2037,25 to 29 years,External WI,0.127402
Wisconsin,Female,2038,25 to 29 years,External WI,0.12738
Wisconsin,Female,2039,25 to 29 years,External WI,0.127357
Wisconsin,Female,2040,25 to 29 years,External WI,0.127335
Wisconsin,Female,2041,25 to 29 years,External WI,0.127313
Wisconsin,Female,2042,25 to 29 years,External WI,0.127291
Wisconsin,Female,2043,25 to 29 years,External WI,0.127269
Wisconsin,Female,2044,25 to 29 years,External WI,0.127246
Wisconsin,Female,2045,25 to 29 years,External WI,0.127224
Wisconsin,Female,2046,25 to 29 years,External WI,0.127202
Wisconsin,Female,2047,25 to 29 years,External WI,0.12718
Wisconsin,Female,2048,25 to 29 years,External WI,0.127158
Wisconsin,Female,2049,25 to 29 years,External WI,0.127135
Wisconsin,Female,2050,25 to 29 years,External WI,0.127113
Wisconsin,Female,2051,25 to 29 years,External WI,0.127091
Wisconsin,Female,2052,25 to 29 years,External WI,0.127069
Wisconsin,Female,2053,25 to 29 years,External WI,0.127047
Wisconsin,Female,2054,25 to 29 years,External WI,0.127024
Wisconsin,Female,2055,25 to 29 years,External WI,0.127002
Wisconsin,Female,2056,25 to 29 years,External WI,0.12698
Wisconsin,Female,2057,25 to 29 years,External WI,0.126958
Wisconsin,Female,2058,25 to 29 years,External WI,0.126936
Wisconsin,Female,2059,25 to 29 years,External WI,0.126914
Wisconsin,Female,2060,25 to 29 years,External WI,0.126891
Wisconsin,Female,2019,30 to 34 years,External WI,0.097896
Wisconsin,Female,2020,30 to 34 years,External WI,0.097776
Wisconsin,Female,2021,30 to 34 years,External WI,0.097656
Wisconsin,Female,2022,30 to 34 years,External WI,0.097537
Wisconsin,Female,2023,30 to 34 years,External WI,0.097417
Wisconsin,Female,2024,30 to 34 years,External WI,0.097297
Wisconsin,Female,2025,30 to 34 years,External WI,0.097177
Wisconsin,Female,2026,30 to 34 years,External WI,0.097057
Wisconsin,Female,2027,30 to 34 years,External WI,0.096938
Wisconsin,Female,2028,30 to 34 years,External WI,0.096818
Wisconsin,Female,2029,30 to 34 years,External WI,0.096698
Wisconsin,Female,2030,30 to 34 years,External WI,0.096578
Wisconsin,Female,2031,30 to 34 years,External WI,0.096459
Wisconsin,Female,2032,30 to 34 years,External WI,0.096339
Wisconsin,Female,2033,30 to 34 years,External WI,0.096219
Wisconsin,Female,2034,30 to 34 years,External WI,0.0961
Wisconsin,Female,2035,30 to 34 years,External WI,0.09598
Wisconsin,Female,2036,30 to 34 years,External WI,0.09586
Wisconsin,Female,2037,30 to 34 years,External WI,0.095741
Wisconsin,Female,2038,30 to 34 years,External WI,0.095621
Wisconsin,Female,2039,30 to 34 years,External WI,0.095501
Wisconsin,Female,2040,30 to 34 years,External WI,0.095382
Wisconsin,Female,2041,30 to 34 years,External WI,0.095262
Wisconsin,Female,2042,30 to 34 years,External WI,0.095143
Wisconsin,Female,2043,30 to 34 years,External WI,0.095023
Wisconsin,Female,2044,30 to 34 years,External WI,0.094904
Wisconsin,Female,2045,30 to 34 years,External WI,0.094784
Wisconsin,Female,2046,30 to 34 years,External WI,0.094664
Wisconsin,Female,2047,30 to 34 years,External WI,0.094545
Wisconsin,Female,2048,30 to 34 years,External WI,0.094425
Wisconsin,Female,2049,30 to 34 years,External WI,0.094306
Wisconsin,Female,2050,30 to 34 years,External WI,0.094186
Wisconsin,Female,2051,30 to 34 years,External WI,0.094067
Wisconsin,Female,2052,30 to 34 years,External WI,0.093947
Wisconsin,Female,2053,30 to 34 years,External WI,0.093828
Wisconsin,Female,2054,30 to 34 years,External WI,0.093708
Wisconsin,Female,2055,30 to 34 years,External WI,0.093589
Wisconsin,Female,2056,30 to 34 years,External WI,0.09347
Wisconsin,Female,2057,30 to 34 years,External WI,0.09335
Wisconsin,Female,2058,30 to 34 years,External WI,0.093231
Wisconsin,Female,2059,30 to 34 years,External WI,0.093111
Wisconsin,Female,2060,30 to 34 years,External WI,0.092992
Wisconsin,Female,2019,35 to 39 years,External WI,0.041738
Wisconsin,Female,2020,35 to 39 years,External WI,0.041628
Wisconsin,Female,2021,35 to 39 years,External WI,0.041517
Wisconsin,Female,2022,35 to 39 years,External WI,0.041406
Wisconsin,Female,2023,35 to 39 years,External WI,0.041296
Wisconsin,Female,2024,35 to 39 years,External WI,0.041186
Wisconsin,Female,2025,35 to 39 years,External WI,0.041075
Wisconsin,Female,2026,35 to 39 years,External WI,0.040964
Wisconsin,Female,2027,35 to 39 years,External WI,0.040854
Wisconsin,Female,2028,35 to 39 years,External WI,0.040744
Wisconsin,Female,2029,35 to 39 years,External WI,0.040633
Wisconsin,Female,2030,35 to 39 years,External WI,0.040522
Wisconsin,Female,2031,35 to 39 years,External WI,0.040412
Wisconsin,Female,2032,35 to 39 years,External WI,0.040302
Wisconsin,Female,2033,35 to 39 years,External WI,0.040191
Wisconsin,Female,2034,35 to 39 years,External WI,0.040081
Wisconsin,Female,2035,35 to 39 years,External WI,0.03997
Wisconsin,Female,2036,35 to 39 years,External WI,0.03986
Wisconsin,Female,2037,35 to 39 years,External WI,0.039749
Wisconsin,Female,2038,35 to 39 years,External WI,0.039639
Wisconsin,Female,2039,35 to 39 years,External WI,0.039529
Wisconsin,Female,2040,35 to 39 years,External WI,0.039418
Wisconsin,Female,2041,35 to 39 years,External WI,0.039308
Wisconsin,Female,2042,35 to 39 years,External WI,0.039198
Wisconsin,Female,2043,35 to 39 years,External WI,0.039087
Wisconsin,Female,2044,35 to 39 years,External WI,0.038977
Wisconsin,Female,2045,35 to 39 years,External WI,0.038867
Wisconsin,Female,2046,35 to 39 years,External WI,0.038756
Wisconsin,Female,2047,35 to 39 years,External WI,0.038646
Wisconsin,Female,2048,35 to 39 years,External WI,0.038536
Wisconsin,Female,2049,35 to 39 years,External WI,0.038425
Wisconsin,Female,2050,35 to 39 years,External WI,0.038315
Wisconsin,Female,2051,35 to 39 years,External WI,0.038205
Wisconsin,Female,2052,35 to 39 years,External WI,0.038095
Wisconsin,Female,2053,35 to 39 years,External WI,0.037984
Wisconsin,Female,2054,35 to 39 years,External WI,0.037874
Wisconsin,Female,2055,35 to 39 years,External WI,0.037764
Wisconsin,Female,2056,35 to 39 years,External WI,0.037654
Wisconsin,Female,2057,35 to 39 years,External WI,0.037544
Wisconsin,Female,2058,35 to 39 years,External WI,0.037433
Wisconsin,Female,2059,35 to 39 years,External WI,0.037323
Wisconsin,Female,2060,35 to 39 years,External WI,0.037213
Wisconsin,Female,2019,40 to 44 years,External WI,0.007874
Wisconsin,Female,2020,40 to 44 years,External WI,0.007841
Wisconsin,Female,2021,40 to 44 years,External WI,0.007809
Wisconsin,Female,2022,40 to 44 years,External WI,0.007776
Wisconsin,Female,2023,40 to 44 years,External WI,0.007743
Wisconsin,Female,2024,40 to 44 years,External WI,0.00771
Wisconsin,Female,2025,40 to 44 years,External WI,0.007678
Wisconsin,Female,2026,40 to 44 years,External WI,0.007645
Wisconsin,Female,2027,40 to 44 years,External WI,0.007612
Wisconsin,Female,2028,40 to 44 years,External WI,0.00758
Wisconsin,Female,2029,40 to 44 years,External WI,0.007547
Wisconsin,Female,2030,40 to 44 years,External WI,0.007514
Wisconsin,Female,2031,40 to 44 years,External WI,0.007481
Wisconsin,Female,2032,40 to 44 years,External WI,0.007449
Wisconsin,Female,2033,40 to 44 years,External WI,0.007416
Wisconsin,Female,2034,40 to 44 years,External WI,0.007383
Wisconsin,Female,2035,40 to 44 years,External WI,0.007351
Wisconsin,Female,2036,40 to 44 years,External WI,0.007318
Wisconsin,Female,2037,40 to 44 years,External WI,0.007285
Wisconsin,Female,2038,40 to 44 years,External WI,0.007253
Wisconsin,Female,2039,40 to 44 years,External WI,0.00722
Wisconsin,Female,2040,40 to 44 years,External WI,0.007187
Wisconsin,Female,2041,40 to 44 years,External WI,0.007154
Wisconsin,Female,2042,40 to 44 years,External WI,0.007122
Wisconsin,Female,2043,40 to 44 years,External WI,0.007089
Wisconsin,Female,2044,40 to 44 years,External WI,0.007057
Wisconsin,Female,2045,40 to 44 years,External WI,0.007024
Wisconsin,Female,2046,40 to 44 years,External WI,0.006991
Wisconsin,Female,2047,40 to 44 years,External WI,0.006958
Wisconsin,Female,2048,40 to 44 years,External WI,0.006926
Wisconsin,Female,2049,40 to 44 years,External WI,0.006893
Wisconsin,Female,2050,40 to 44 years,External WI,0.006861
Wisconsin,Female,2051,40 to 44 years,External WI,0.006828
Wisconsin,Female,2052,40 to 44 years,External WI,0.006795
Wisconsin,Female,2053,40 to 44 years,External WI,0.006763
Wisconsin,Female,2054,40 to 44 years,External WI,0.00673
Wisconsin,Female,2055,40 to 44 years,External WI,0.006697
Wisconsin,Female,2056,40 to 44 years,External WI,0.006665
Wisconsin,Female,2057,40 to 44 years,External WI,0.006632
Wisconsin,Female,2058,40 to 44 years,External WI,0.006599
Wisconsin,Female,2059,40 to 44 years,External WI,0.006567
Wisconsin,Female,2060,40 to 44 years,External WI,0.006534